Step,MPC_Start_Time,Control_Time,Actual_Time_Interval,CONTROL_DT,Mission_Phase,Waypoint_Number,Telemetry_X_mm,Telemetry_Y_mm,Telemetry_Z_mm,Telemetry_Roll_deg,Telemetry_Pitch_deg,Telemetry_Yaw_deg,Current_X,Current_Y,Current_Z,Current_Roll,Current_Pitch,Current_Yaw,Current_VX,Current_VY,Current_VZ,Current_WX,Current_WY,Current_WZ,Target_X,Target_Y,Target_Z,Target_Roll,Target_Pitch,Target_Yaw,Target_VX,Target_VY,Target_VZ,Target_WX,Target_WY,Target_WZ,Error_X,Error_Y,Error_Z,Error_Roll,Error_Pitch,Error_Yaw,Error_VX,Error_VY,Error_VZ,Error_WX,Error_WY,Error_WZ,MPC_Computation_Time,MPC_Status,MPC_Solver,MPC_Solver_Time_Limit,MPC_Solve_Time,MPC_Time_Limit_Exceeded,MPC_Fallback_Used,MPC_Objective,MPC_Iterations,MPC_Optimality_Gap,Command_Vector,Command_Hex,Command_Sent_Time,Total_Active_Thrusters,Thruster_Switches,RW_Torque_X,RW_Torque_Y,RW_Torque_Z,Total_MPC_Loop_Time,Timing_Violation
0,0.0450,0.0450,0.0500,0.050,APPROACHING,0,1000.00,1000.00,1000.00,0.00,0.00,90.00,1.00000,1.00000,1.00000,0.00000,0.00000,1.57080,0.00000,0.00000,0.00000,0.00000,0.00000,0.00000,0.00000,0.00000,0.00000,0.00000,0.00000,0.00000,0.00000,0.00000,0.00000,0.00000,0.00000,0.00000,1.00000,1.00000,1.00000,0.00000,0.00000,-1.57080,0.00000,0.00000,0.00000,0.00000,0.00000,0.00000,0.0000,,,,0.0046,,,,,,"[1.000, 0.000, 0.000, 1.000, 1.000, 0.000]",0x100110,0.0450,3,0,-0.269358,0.269358,1.525677,0.0000,NO
1,0.0950,0.0950,0.0500,0.050,APPROACHING,0,999.94,999.94,999.94,-0.23,0.23,91.30,0.99994,0.99994,0.99994,-0.00396,0.00405,1.59346,-0.00248,-0.00252,-0.00250,-0.16014,0.16014,0.90706,0.00000,0.00000,0.00000,0.00000,0.00000,0.00000,0.00000,0.00000,0.00000,0.00000,0.00000,0.00000,0.99994,0.99994,0.99994,0.00396,-0.00405,-1.59346,0.00248,0.00252,0.00250,0.16014,-0.16014,-0.90706,0.0000,,,,0.0217,,,,,,"[1.000, 0.000, 0.000, 1.000, 1.000, 0.000]",0x100110,0.0950,3,0,-0.764841,0.758599,2.000000,0.0000,NO
2,0.1450,0.1450,0.0500,0.050,APPROACHING,0,999.75,999.75,999.75,-1.28,1.39,95.59,0.99975,0.99975,0.99975,-0.02231,0.02429,1.66829,-0.00482,-0.00517,-0.00500,-0.61432,0.61171,2.09612,0.00000,0.00000,0.00000,0.00000,0.00000,0.00000,0.00000,0.00000,0.00000,0.00000,0.00000,0.00000,0.99975,0.99975,0.99975,0.02231,-0.02429,-1.66829,0.00482,0.00517,0.00500,0.61432,-0.61171,-2.09612,0.0000,,,,0.0050,,,,,,"[1.000, 0.000, 0.000, 1.000, 1.000, 0.000]",0x100110,0.1450,3,0,-1.999511,1.999946,2.000000,0.0000,NO
3,0.1950,0.1950,0.0500,0.050,APPROACHING,0,999.46,999.42,999.44,-4.33,5.21,103.13,0.99946,0.99942,0.99944,-0.07553,0.09094,1.79990,-0.00678,-0.00812,-0.00748,-1.79866,1.80512,3.28519,0.00000,0.00000,0.00000,0.00000,0.00000,0.00000,0.00000,0.00000,0.00000,0.00000,0.00000,0.00000,0.99946,0.99942,0.99944,0.07553,-0.09094,-1.79990,0.00678,0.00812,0.00748,1.79866,-1.80512,-3.28519,0.0000,,,,0.0049,,,,,,"[1.000, 0.000, 0.000, 1.000, 1.000, 0.000]",0x100110,0.1950,3,0,-2.000000,2.000000,1.995811,0.0000,NO
4,0.2450,0.2450,0.0500,0.050,APPROACHING,0,999.09,998.93,999.00,-9.55,13.38,113.45,0.99909,0.99893,0.99900,-0.16672,0.23353,1.98004,-0.00800,-0.01152,-0.00984,-2.98329,2.99859,4.47177,0.00000,0.00000,0.00000,0.00000,0.00000,0.00000,0.00000,0.00000,0.00000,0.00000,0.00000,0.00000,0.99909,0.99893,0.99900,0.16672,-0.23353,-1.98004,0.00800,0.01152,0.00984,2.98329,-2.99859,-4.47177,0.0000,,,,0.0050,,,,,,"[1.000, 0.000, 0.000, 1.000, 1.000, 0.000]",0x100110,0.2450,3,0,-2.000000,2.000000,2.000000,0.0000,NO
5,0.2950,0.2950,0.0500,0.050,APPROACHING,0,998.68,998.26,998.46,-15.53,26.60,126.11,0.99868,0.99826,0.99846,-0.27100,0.46433,2.20098,-0.00806,-0.01534,-0.01184,-4.16794,4.19205,5.66082,0.00000,0.00000,0.00000,0.00000,0.00000,0.00000,0.00000,0.00000,0.00000,0.00000,0.00000,0.00000,0.99868,0.99826,0.99846,0.27100,-0.46433,-2.20098,0.00806,0.01534,0.01184,4.16794,-4.19205,-5.66082,0.0000,,,,0.0050,,,,,,"[0.000, 1.000, 0.000, 1.000, 1.000, 0.000]",0x010110,0.2950,3,2,-2.000000,2.000000,2.000000,0.0000,NO
6,0.3450,0.3450,0.0500,0.050,APPROACHING,0,998.24,997.47,997.77,-19.92,45.20,141.94,0.99824,0.99747,0.99777,-0.34758,0.78893,2.47738,-0.00941,-0.01621,-0.01583,-5.35259,5.38551,6.84987,0.00000,0.00000,0.00000,0.00000,0.00000,0.00000,0.00000,0.00000,0.00000,0.00000,0.00000,0.00000,0.99824,0.99747,0.99777,0.34758,-0.78893,-2.47738,0.00941,0.01621,0.01583,5.35259,-5.38551,-6.84987,0.0000,,,,0.0050,,,,,,"[0.000, 1.000, 0.000, 1.000, 1.000, 0.000]",0x010110,0.3450,3,0,-2.000000,1.995834,2.000000,0.0000,NO
7,0.3950,0.3950,0.0500,0.050,APPROACHING,0,997.77,996.62,996.88,-12.98,68.21,170.29,0.99777,0.99662,0.99688,-0.22658,1.19047,2.97214,-0.00905,-0.01807,-0.01967,-6.53729,6.57649,8.03887,0.00000,0.00000,0.00000,0.00000,0.00000,0.00000,0.00000,0.00000,0.00000,0.00000,0.00000,0.00000,0.99777,0.99662,0.99688,0.22658,-1.19047,-2.97214,0.00905,0.01807,0.01967,6.53729,-6.57649,-8.03887,0.0000,,,,0.0048,,,,,,"[0.000, 1.000, 0.000, 1.000, 0.000, 1.000]",0x010101,0.3950,3,2,-2.000000,2.000000,1.995983,0.0000,NO
8,0.4450,0.4450,0.0500,0.050,APPROACHING,0,997.25,995.64,995.85,80.69,74.39,-72.32,0.99725,0.99564,0.99585,1.40829,1.29843,-1.26231,-0.01128,-0.02128,-0.02140,-7.72191,7.77000,9.22552,0.00000,0.00000,0.00000,0.00000,0.00000,0.00000,0.00000,0.00000,0.00000,0.00000,0.00000,0.00000,0.99725,0.99564,0.99585,-1.40829,-1.29843,1.26231,0.01128,0.02128,0.02140,7.72191,-7.77000,-9.22552,0.0000,,,,0.0050,,,,,,"[0.000, 1.000, 0.000, 1.000, 0.000, 1.000]",0x010101,0.4450,3,0,-1.995912,1.998848,2.000000,0.0000,NO
9,0.4950,0.4950,0.0500,0.050,APPROACHING,0,996.68,994.47,994.75,98.70,44.21,-24.93,0.99668,0.99447,0.99475,1.72259,0.77160,-0.43516,-0.01098,-0.02535,-0.02253,-8.90416,8.96273,10.41458,0.00000,0.00000,0.00000,0.00000,0.00000,0.00000,0.00000,0.00000,0.00000,0.00000,0.00000,0.00000,0.99668,0.99447,0.99475,-1.72259,-0.77160,0.43516,0.01098,0.02535,0.02253,8.90416,-8.96273,-10.41458,0.0000,,,,0.0058,,,,,,"[0.000, 1.000, 1.000, 0.000, 0.000, 1.000]",0x011001,0.4950,3,2,-1.999173,1.998213,2.000000,0.0000,NO
10,0.5450,0.5450,0.0500,0.050,APPROACHING,0,996.13,993.15,993.53,84.68,11.39,4.32,0.99613,0.99315,0.99353,1.47791,0.19885,0.07542,-0.01059,-0.02769,-0.02600,-10.08836,10.15513,11.60359,0.00000,0.00000,0.00000,0.00000,0.00000,0.00000,0.00000,0.00000,0.00000,0.00000,0.00000,0.00000,0.99613,0.99315,0.99353,-1.47791,-0.19885,-0.07542,0.01059,0.02769,0.02600,10.08836,-10.15513,-11.60359,0.0000,,,,0.0070,,,,,,"[1.000, 0.000, 1.000, 0.000, 0.000, 1.000]",0x101001,0.5450,3,2,-2.000000,2.000000,2.000000,0.0000,NO
11,0.5950,0.5950,0.0500,0.050,APPROACHING,0,995.56,991.68,992.19,52.58,-10.60,44.95,0.99556,0.99168,0.99219,0.91775,-0.18495,0.78458,-0.01177,-0.03139,-0.02758,-11.27303,11.34861,12.79259,0.00000,0.00000,0.00000,0.00000,0.00000,0.00000,0.00000,0.00000,0.00000,0.00000,0.00000,0.00000,0.99556,0.99168,0.99219,-0.91775,0.18495,-0.78458,0.01177,0.03139,0.02758,11.27303,-11.34861,-12.79259,0.0000,,,,0.0364,,,,,,"[1.000, 0.000, 1.000, 0.000, 1.000, 0.000]",0x101010,0.5950,3,2,-2.000000,2.000000,2.000000,0.0000,NO
12,0.6450,0.6450,0.0500,0.050,APPROACHING,0,994.96,990.07,990.71,10.67,-1.12,94.96,0.99496,0.99007,0.99071,0.18628,-0.01951,1.65745,-0.01173,-0.03319,-0.03132,-12.45771,12.54210,13.98159,0.00000,0.00000,0.00000,0.00000,0.00000,0.00000,0.00000,0.00000,0.00000,0.00000,0.00000,0.00000,0.99496,0.99007,0.99071,-0.18628,0.01951,-1.65745,0.01173,0.03319,0.03132,12.45771,-12.54210,-13.98159,0.0000,,,,0.0408,,,,,,"[0.000, 0.000, 0.000, 0.000, 0.000, 0.000]",0x000000,0.6450,0,3,0.000000,0.000000,0.000000,0.0000,NO
13,0.6950,0.6950,0.0500,0.050,APPROACHING,0,994.37,988.41,989.15,-14.45,37.08,134.46,0.99437,0.98841,0.98915,-0.25216,0.64720,2.34675,-0.01173,-0.03319,-0.03132,-12.45771,12.54210,13.98159,0.00000,0.00000,0.00000,0.00000,0.00000,0.00000,0.00000,0.00000,0.00000,0.00000,0.00000,0.00000,0.99437,0.98841,0.98915,0.25216,-0.64720,-2.34675,0.01173,0.03319,0.03132,12.45771,-12.54210,-13.98159,0.0000,,,,0.0145,,,,,,"[0.000, 1.000, 0.000, 1.000, 1.000, 0.000]",0x010110,0.6950,3,3,-1.984320,2.000000,1.997693,0.0000,NO
14,0.7450,0.7450,0.0500,0.050,APPROACHING,0,993.78,986.71,987.49,37.11,79.09,-127.92,0.99378,0.98671,0.98749,0.64777,1.38039,-2.23270,-0.01127,-0.03512,-0.03493,-13.63303,13.73530,15.16950,0.00000,0.00000,0.00000,0.00000,0.00000,0.00000,0.00000,0.00000,0.00000,0.00000,0.00000,0.00000,0.99378,0.98671,0.98749,-0.64777,-1.38039,2.23270,0.01127,0.03512,0.03493,13.63303,-13.73530,-15.16950,0.0000,,,,0.0408,,,,,,"[0.000, 0.000, 0.000, 0.000, 0.000, 0.000]",0x000000,0.7450,0,3,0.000000,0.000000,0.000000,0.0000,NO
15,0.7950,0.7950,0.0500,0.050,APPROACHING,0,993.21,984.95,985.74,98.55,36.90,-18.50,0.99321,0.98495,0.98574,1.71997,0.64402,-0.32295,-0.01127,-0.03512,-0.03493,-13.63303,13.73530,15.16950,0.00000,0.00000,0.00000,0.00000,0.00000,0.00000,0.00000,0.00000,0.00000,0.00000,0.00000,0.00000,0.99321,0.98495,0.98574,-1.71997,-0.64402,0.32295,0.01127,0.03512,0.03493,13.63303,-13.73530,-15.16950,0.0000,,,,0.0331,,,,,,"[0.000, 1.000, 1.000, 0.000, 0.000, 1.000]",0x011001,0.7950,3,3,-1.999866,2.000000,2.000000,0.0000,NO
16,0.8450,0.8450,0.0500,0.050,APPROACHING,0,992.67,983.14,983.91,67.96,-4.56,27.46,0.99267,0.98314,0.98391,1.18608,-0.07966,0.47932,-0.00960,-0.03746,-0.03781,-14.81763,14.92883,16.35845,0.00000,0.00000,0.00000,0.00000,0.00000,0.00000,0.00000,0.00000,0.00000,0.00000,0.00000,0.00000,0.99267,0.98314,0.98391,-1.18608,0.07966,-0.47932,0.00960,0.03746,0.03781,14.81763,-14.92883,-16.35845,0.0000,,,,0.0408,,,,,,"[0.000, 0.000, 0.000, 0.000, 0.000, 0.000]",0x000000,0.8450,0,3,0.000000,0.000000,0.000000,0.0000,NO
17,0.8950,0.8950,0.0500,0.050,APPROACHING,0,992.19,981.27,982.02,15.67,-3.88,89.46,0.99219,0.98127,0.98202,0.27351,-0.06775,1.56131,-0.00960,-0.03746,-0.03781,-14.81763,14.92883,16.35845,0.00000,0.00000,0.00000,0.00000,0.00000,0.00000,0.00000,0.00000,0.00000,0.00000,0.00000,0.00000,0.99219,0.98127,0.98202,-0.27351,0.06775,-1.56131,0.00960,0.03746,0.03781,14.81763,-14.92883,-16.35845,0.0000,,,,0.0408,,,,,,"[0.000, 0.000, 0.000, 0.000, 0.000, 0.000]",0x000000,0.8950,0,0,0.000000,0.000000,0.000000,0.0000,NO
18,0.9450,0.9450,0.0500,0.050,APPROACHING,0,991.71,979.39,980.13,-14.78,40.15,136.87,0.99171,0.97939,0.98013,-0.25789,0.70079,2.38880,-0.00960,-0.03746,-0.03781,-14.81763,14.92883,16.35845,0.00000,0.00000,0.00000,0.00000,0.00000,0.00000,0.00000,0.00000,0.00000,0.00000,0.00000,0.00000,0.99171,0.97939,0.98013,0.25789,-0.70079,-2.38880,0.00960,0.03746,0.03781,14.81763,-14.92883,-16.35845,0.0000,,,,0.0363,,,,,,"[0.000, 1.000, 0.000, 1.000, 1.000, 0.000]",0x010110,0.9450,3,3,-2.000000,1.999307,2.000000,0.0000,NO
19,0.9950,0.9950,0.0500,0.050,APPROACHING,0,991.24,977.47,978.15,84.49,74.38,-70.73,0.99124,0.97747,0.97815,1.47463,1.29815,-1.23445,-0.00857,-0.03948,-0.04116,-16.00234,16.12194,17.54738,0.00000,0.00000,0.00000,0.00000,0.00000,0.00000,0.00000,0.00000,0.00000,0.00000,0.00000,0.00000,0.99124,0.97747,0.97815,-1.47463,-1.29815,1.23445,0.00857,0.03948,0.04116,16.00234,-16.12194,-17.54738,0.0000,,,,0.0408,,,,,,"[0.000, 0.000, 0.000, 0.000, 0.000, 0.000]",0x000000,0.9950,0,3,0.000000,0.000000,0.000000,0.0000,NO
20,1.0450,1.0450,0.0500,0.050,APPROACHING,0,990.81,975.50,976.09,90.76,18.74,-2.49,0.99081,0.97550,0.97609,1.58410,0.32710,-0.04352,-0.00857,-0.03948,-0.04116,-16.00234,16.12194,17.54738,0.00000,0.00000,0.00000,0.00000,0.00000,0.00000,0.00000,0.00000,0.00000,0.00000,0.00000,0.00000,0.99081,0.97550,0.97609,-1.58410,-0.32710,0.04352,0.00857,0.03948,0.04116,16.00234,-16.12194,-17.54738,0.0000,,,,0.0221,,,,,,"[1.000, 0.000, 1.000, 0.000, 0.000, 1.000]",0x101001,1.0450,3,3,-2.000000,2.000000,1.996093,0.0000,NO
21,1.0950,1.0950,0.0500,0.050,APPROACHING,0,990.33,973.44,973.99,41.08,-11.29,59.74,0.99033,0.97344,0.97399,0.71693,-0.19698,1.04273,-0.00965,-0.04304,-0.04263,-17.18693,17.31557,18.73400,0.00000,0.00000,0.00000,0.00000,0.00000,0.00000,0.00000,0.00000,0.00000,0.00000,0.00000,0.00000,0.99033,0.97344,0.97399,-0.71693,0.19698,-1.04273,0.00965,0.04304,0.04263,17.18693,-17.31557,-18.73400,0.0000,,,,0.0408,,,,,,"[0.000, 0.000, 0.000, 0.000, 0.000, 0.000]",0x000000,1.0950,0,3,0.000000,0.000000,0.000000,0.0000,NO
22,1.1450,1.1450,0.0500,0.050,APPROACHING,0,989.85,971.29,971.86,-8.00,23.42,122.46,0.98985,0.97129,0.97186,-0.13966,0.40881,2.13728,-0.00965,-0.04304,-0.04263,-17.18693,17.31557,18.73400,0.00000,0.00000,0.00000,0.00000,0.00000,0.00000,0.00000,0.00000,0.00000,0.00000,0.00000,0.00000,0.98985,0.97129,0.97186,0.13966,-0.40881,-2.13728,0.00965,0.04304,0.04263,17.18693,-17.31557,-18.73400,0.0000,,,,0.0048,,,,,,"[0.000, 1.000, 0.000, 1.000, 1.000, 0.000]",0x010110,1.1450,3,3,-1.969164,2.000000,1.988191,0.0000,NO
23,1.1950,1.1950,0.0500,0.050,APPROACHING,0,989.34,969.11,969.63,48.45,79.29,-115.57,0.98934,0.96911,0.96963,0.84566,1.38395,-2.01710,-0.00980,-0.04465,-0.04623,-18.35303,18.50851,19.91670,0.00000,0.00000,0.00000,0.00000,0.00000,0.00000,0.00000,0.00000,0.00000,0.00000,0.00000,0.00000,0.98934,0.96911,0.96963,-0.84566,-1.38395,2.01710,0.00980,0.04465,0.04623,18.35303,-18.50851,-19.91670,0.0000,,,,0.0408,,,,,,"[0.000, 0.000, 0.000, 0.000, 0.000, 0.000]",0x000000,1.1950,0,3,0.000000,0.000000,0.000000,0.0000,NO
24,1.2450,1.2450,0.0500,0.050,APPROACHING,0,988.85,966.88,967.32,91.68,19.73,-3.28,0.98885,0.96688,0.96732,1.60012,0.34437,-0.05724,-0.00980,-0.04465,-0.04623,-18.35303,18.50851,19.91670,0.00000,0.00000,0.00000,0.00000,0.00000,0.00000,0.00000,0.00000,0.00000,0.00000,0.00000,0.00000,0.98885,0.96688,0.96732,-1.60012,-0.34437,0.05724,0.00980,0.04465,0.04623,18.35303,-18.50851,-19.91670,0.0000,,,,0.0408,,,,,,"[0.000, 0.000, 0.000, 0.000, 0.000, 0.000]",0x000000,1.2450,0,0,0.000000,0.000000,0.000000,0.0000,NO
25,1.2950,1.2950,0.0500,0.050,APPROACHING,0,988.36,964.65,965.01,36.11,-10.85,65.88,0.98836,0.96465,0.96501,0.63024,-0.18938,1.14976,-0.00980,-0.04465,-0.04623,-18.35303,18.50851,19.91670,0.00000,0.00000,0.00000,0.00000,0.00000,0.00000,0.00000,0.00000,0.00000,0.00000,0.00000,0.00000,0.98836,0.96465,0.96501,-0.63024,0.18938,-1.14976,0.00980,0.04465,0.04623,18.35303,-18.50851,-19.91670,0.0000,,,,0.0407,,,,,,"[0.000, 0.000, 0.000, 0.000, 0.000, 0.000]",0x000000,1.2950,0,0,0.000000,0.000000,0.000000,0.0000,NO
26,1.3450,1.3450,0.0500,0.050,APPROACHING,0,987.87,962.41,962.70,-11.76,31.98,129.88,0.98787,0.96241,0.96270,-0.20522,0.55820,2.26688,-0.00980,-0.04465,-0.04623,-18.35303,18.50851,19.91670,0.00000,0.00000,0.00000,0.00000,0.00000,0.00000,0.00000,0.00000,0.00000,0.00000,0.00000,0.00000,0.98787,0.96241,0.96270,0.20522,-0.55820,-2.26688,0.00980,0.04465,0.04623,18.35303,-18.50851,-19.91670,0.0000,,,,0.0408,,,,,,"[0.000, 0.000, 0.000, 0.000, 0.000, 0.000]",0x000000,1.3450,0,0,0.000000,0.000000,0.000000,0.0000,NO
27,1.3950,1.3950,0.0500,0.050,APPROACHING,0,987.38,960.18,960.39,89.17,72.93,-64.68,0.98738,0.96018,0.96039,1.55635,1.27293,-1.12883,-0.00980,-0.04465,-0.04623,-18.35303,18.50851,19.91670,0.00000,0.00000,0.00000,0.00000,0.00000,0.00000,0.00000,0.00000,0.00000,0.00000,0.00000,0.00000,0.98738,0.96018,0.96039,-1.55635,-1.27293,1.12883,0.00980,0.04465,0.04623,18.35303,-18.50851,-19.91670,0.0000,,,,0.0100,,,,,,"[0.000, 1.000, 0.000, 1.000, 0.000, 1.000]",0x010101,1.3950,3,3,-2.000000,1.994182,1.990999,0.0000,NO
28,1.4450,1.4450,0.0500,0.050,APPROACHING,0,986.91,957.85,958.06,83.90,8.77,8.17,0.98691,0.95785,0.95806,1.46430,0.15304,0.14261,-0.00831,-0.04825,-0.04635,-19.53766,19.69888,21.10006,0.00000,0.00000,0.00000,0.00000,0.00000,0.00000,0.00000,0.00000,0.00000,0.00000,0.00000,0.00000,0.98691,0.95785,0.95806,-1.46430,-0.15304,-0.14261,0.00831,0.04825,0.04635,19.53766,-19.69888,-21.10006,0.0000,,,,0.0408,,,,,,"[0.000, 0.000, 0.000, 0.000, 0.000, 0.000]",0x000000,1.4450,0,3,0.000000,0.000000,0.000000,0.0000,NO
29,1.4950,1.4950,0.0500,0.050,APPROACHING,0,986.49,955.44,955.74,19.41,-5.24,85.81,0.98649,0.95544,0.95574,0.33874,-0.09140,1.49767,-0.00831,-0.04825,-0.04635,-19.53766,19.69888,21.10006,0.00000,0.00000,0.00000,0.00000,0.00000,0.00000,0.00000,0.00000,0.00000,0.00000,0.00000,0.00000,0.98649,0.95544,0.95574,-0.33874,0.09140,-1.49767,0.00831,0.04825,0.04635,19.53766,-19.69888,-21.10006,0.0000,,,,0.0408,,,,,,"[0.000, 0.000, 0.000, 0.000, 0.000, 0.000]",0x000000,1.4950,0,0,0.000000,0.000000,0.000000,0.0000,NO
30,1.5450,1.5450,0.0500,0.050,APPROACHING,0,986.08,953.03,953.42,-15.95,53.48,148.69,0.98608,0.95303,0.95342,-0.27837,0.93341,2.59516,-0.00831,-0.04825,-0.04635,-19.53766,19.69888,21.10006,0.00000,0.00000,0.00000,0.00000,0.00000,0.00000,0.00000,0.00000,0.00000,0.00000,0.00000,0.00000,0.98608,0.95303,0.95342,0.27837,-0.93341,-2.59516,0.00831,0.04825,0.04635,19.53766,-19.69888,-21.10006,0.0000,,,,0.0242,,,,,,"[0.000, 1.000, 0.000, 1.000, 0.000, 1.000]",0x010101,1.5450,3,3,-1.981139,2.000000,1.999240,0.0000,NO
31,1.5950,1.5950,0.0500,0.050,APPROACHING,0,985.59,950.55,951.07,101.51,45.78,-25.46,0.98559,0.95055,0.95107,1.77167,0.79896,-0.44434,-0.01012,-0.05133,-0.04779,-20.71119,20.89185,22.28901,0.00000,0.00000,0.00000,0.00000,0.00000,0.00000,0.00000,0.00000,0.00000,0.00000,0.00000,0.00000,0.98559,0.95055,0.95107,-1.77167,-0.79896,0.44434,0.01012,0.05133,0.04779,20.71119,-20.89185,-22.28901,0.0000,,,,0.0408,,,,,,"[0.000, 0.000, 0.000, 0.000, 0.000, 0.000]",0x000000,1.5950,0,3,0.000000,0.000000,0.000000,0.0000,NO
32,1.6450,1.6450,0.0500,0.050,APPROACHING,0,985.09,947.98,948.68,55.58,-9.47,43.50,0.98509,0.94798,0.94868,0.96999,-0.16530,0.75918,-0.01012,-0.05133,-0.04779,-20.71119,20.89185,22.28901,0.00000,0.00000,0.00000,0.00000,0.00000,0.00000,0.00000,0.00000,0.00000,0.00000,0.00000,0.00000,0.98509,0.94798,0.94868,-0.96999,0.16530,-0.75918,0.01012,0.05133,0.04779,20.71119,-20.89185,-22.28901,0.0000,,,,0.0408,,,,,,"[0.000, 0.000, 0.000, 0.000, 0.000, 0.000]",0x000000,1.6450,0,0,0.000000,0.000000,0.000000,0.0000,NO
33,1.6950,1.6950,0.0500,0.050,APPROACHING,0,984.58,945.42,946.29,-6.84,22.23,121.40,0.98458,0.94542,0.94629,-0.11935,0.38801,2.11882,-0.01012,-0.05133,-0.04779,-20.71119,20.89185,22.28901,0.00000,0.00000,0.00000,0.00000,0.00000,0.00000,0.00000,0.00000,0.00000,0.00000,0.00000,0.00000,0.98458,0.94542,0.94629,0.11935,-0.38801,-2.11882,0.01012,0.05133,0.04779,20.71119,-20.89185,-22.28901,0.0000,,,,0.0408,,,,,,"[0.000, 0.000, 0.000, 0.000, 0.000, 0.000]",0x000000,1.6950,0,0,0.000000,0.000000,0.000000,0.0000,NO
34,1.7450,1.7450,0.0500,0.050,APPROACHING,0,984.08,942.85,943.90,84.24,74.81,-71.86,0.98408,0.94285,0.94390,1.47035,1.30574,-1.25414,-0.01012,-0.05133,-0.04779,-20.71119,20.89185,22.28901,0.00000,0.00000,0.00000,0.00000,0.00000,0.00000,0.00000,0.00000,0.00000,0.00000,0.00000,0.00000,0.98408,0.94285,0.94390,-1.47035,-1.30574,1.25414,0.01012,0.05133,0.04779,20.71119,-20.89185,-22.28901,0.0000,,,,0.0407,,,,,,"[0.000, 0.000, 0.000, 0.000, 0.000, 0.000]",0x000000,1.7450,0,0,0.000000,0.000000,0.000000,0.0000,NO
35,1.7950,1.7950,0.0500,0.050,APPROACHING,0,983.57,940.28,941.51,81.38,5.97,11.80,0.98357,0.94028,0.94151,1.42040,0.10415,0.20600,-0.01012,-0.05133,-0.04779,-20.71119,20.89185,22.28901,0.00000,0.00000,0.00000,0.00000,0.00000,0.00000,0.00000,0.00000,0.00000,0.00000,0.00000,0.00000,0.98357,0.94028,0.94151,-1.42040,-0.10415,-0.20600,0.01012,0.05133,0.04779,20.71119,-20.89185,-22.28901,0.0000,,,,0.0286,,,,,,"[1.000, 0.000, 1.000, 0.000, 0.000, 1.000]",0x101001,1.7950,3,3,-2.000000,1.998943,1.985789,0.0000,NO
36,1.8450,1.8450,0.0500,0.050,APPROACHING,0,983.06,937.62,939.09,11.09,0.44,96.28,0.98306,0.93762,0.93909,0.19351,0.00775,1.68044,-0.00933,-0.05499,-0.04836,-21.89550,22.08525,23.46939,0.00000,0.00000,0.00000,0.00000,0.00000,0.00000,0.00000,0.00000,0.00000,0.00000,0.00000,0.00000,0.98306,0.93762,0.93909,-0.19351,-0.00775,-1.68044,0.00933,0.05499,0.04836,21.89550,-22.08525,-23.46939,0.0000,,,,0.0408,,,,,,"[0.000, 0.000, 0.000, 0.000, 0.000, 0.000]",0x000000,1.8450,0,3,0.000000,0.000000,0.000000,0.0000,NO
37,1.8950,1.8950,0.0500,0.050,APPROACHING,0,982.59,934.87,936.67,-5.92,71.50,176.04,0.98259,0.93487,0.93667,-0.10340,1.24795,3.07242,-0.00933,-0.05499,-0.04836,-21.89550,22.08525,23.46939,0.00000,0.00000,0.00000,0.00000,0.00000,0.00000,0.00000,0.00000,0.00000,0.00000,0.00000,0.00000,0.98259,0.93487,0.93667,0.10340,-1.24795,-3.07242,0.00933,0.05499,0.04836,21.89550,-22.08525,-23.46939,0.0000,,,,0.0408,,,,,,"[0.000, 0.000, 0.000, 0.000, 0.000, 0.000]",0x000000,1.8950,0,0,0.000000,0.000000,0.000000,0.0000,NO
38,1.9450,1.9450,0.0500,0.050,APPROACHING,0,982.13,932.12,934.25,93.25,22.15,-5.28,0.98213,0.93212,0.93425,1.62744,0.38660,-0.09210,-0.00933,-0.05499,-0.04836,-21.89550,22.08525,23.46939,0.00000,0.00000,0.00000,0.00000,0.00000,0.00000,0.00000,0.00000,0.00000,0.00000,0.00000,0.00000,0.98213,0.93212,0.93425,-1.62744,-0.38660,0.09210,0.00933,0.05499,0.04836,21.89550,-22.08525,-23.46939,0.0000,,,,0.0408,,,,,,"[0.000, 0.000, 0.000, 0.000, 0.000, 0.000]",0x000000,1.9450,0,0,0.000000,0.000000,0.000000,0.0000,NO
39,1.9950,1.9950,0.0500,0.050,APPROACHING,0,981.66,929.37,931.84,26.67,-8.20,77.36,0.98166,0.92937,0.93184,0.46556,-0.14312,1.35010,-0.00933,-0.05499,-0.04836,-21.89550,22.08525,23.46939,0.00000,0.00000,0.00000,0.00000,0.00000,0.00000,0.00000,0.00000,0.00000,0.00000,0.00000,0.00000,0.98166,0.92937,0.93184,-0.46556,0.14312,-1.35010,0.00933,0.05499,0.04836,21.89550,-22.08525,-23.46939,0.0000,,,,0.0408,,,,,,"[0.000, 0.000, 0.000, 0.000, 0.000, 0.000]",0x000000,1.9950,0,0,0.000000,0.000000,0.000000,0.0000,NO
40,2.0450,2.0450,0.0500,0.050,APPROACHING,0,981.19,926.62,929.42,-15.81,54.25,149.27,0.98119,0.92662,0.92942,-0.27595,0.94678,2.60524,-0.00933,-0.05499,-0.04836,-21.89550,22.08525,23.46939,0.00000,0.00000,0.00000,0.00000,0.00000,0.00000,0.00000,0.00000,0.00000,0.00000,0.00000,0.00000,0.98119,0.92662,0.92942,0.27595,-0.94678,-2.60524,0.00933,0.05499,0.04836,21.89550,-22.08525,-23.46939,0.0000,,,,0.0408,,,,,,"[0.000, 0.000, 0.000, 0.000, 0.000, 0.000]",0x000000,2.0450,0,0,0.000000,0.000000,0.000000,0.0000,NO
41,2.0950,2.0950,0.0500,0.050,APPROACHING,0,980.73,923.87,927.00,100.16,38.92,-19.59,0.98073,0.92387,0.92700,1.74814,0.67925,-0.34184,-0.00933,-0.05499,-0.04836,-21.89550,22.08525,23.46939,0.00000,0.00000,0.00000,0.00000,0.00000,0.00000,0.00000,0.00000,0.00000,0.00000,0.00000,0.00000,0.98073,0.92387,0.92700,-1.74814,-0.67925,0.34184,0.00933,0.05499,0.04836,21.89550,-22.08525,-23.46939,0.0000,,,,0.0049,,,,,,"[0.000, 1.000, 1.000, 0.000, 0.000, 1.000]",0x011001,2.0950,3,3,-2.000000,1.989739,1.953211,0.0000,NO
42,2.1450,2.1450,0.0500,0.050,APPROACHING,0,980.30,921.07,924.51,42.38,-10.90,58.96,0.98030,0.92107,0.92451,0.73969,-0.19032,1.02905,-0.00698,-0.05686,-0.05057,-23.07901,23.27422,24.63015,0.00000,0.00000,0.00000,0.00000,0.00000,0.00000,0.00000,0.00000,0.00000,0.00000,0.00000,0.00000,0.98030,0.92107,0.92451,-0.73969,0.19032,-1.02905,0.00698,0.05686,0.05057,23.07901,-23.27422,-24.63015,0.0000,,,,0.0408,,,,,,"[0.000, 0.000, 0.000, 0.000, 0.000, 0.000]",0x000000,2.1450,0,3,0.000000,0.000000,0.000000,0.0000,NO
43,2.1950,2.1950,0.0500,0.050,APPROACHING,0,979.95,918.23,921.98,-14.49,42.81,138.53,0.97995,0.91823,0.92198,-0.25298,0.74717,2.41775,-0.00698,-0.05686,-0.05057,-23.07901,23.27422,24.63015,0.00000,0.00000,0.00000,0.00000,0.00000,0.00000,0.00000,0.00000,0.00000,0.00000,0.00000,0.00000,0.97995,0.91823,0.92198,0.25298,-0.74717,-2.41775,0.00698,0.05686,0.05057,23.07901,-23.27422,-24.63015,0.0000,,,,0.0407,,,,,,"[0.000, 0.000, 0.000, 0.000, 0.000, 0.000]",0x000000,2.1950,0,0,0.000000,0.000000,0.000000,0.0000,NO
44,2.2450,2.2450,0.0500,0.050,APPROACHING,0,979.60,915.39,919.45,101.91,46.23,-25.91,0.97960,0.91539,0.91945,1.77863,0.80691,-0.45215,-0.00698,-0.05686,-0.05057,-23.07901,23.27422,24.63015,0.00000,0.00000,0.00000,0.00000,0.00000,0.00000,0.00000,0.00000,0.00000,0.00000,0.00000,0.00000,0.97960,0.91539,0.91945,-1.77863,-0.80691,0.45215,0.00698,0.05686,0.05057,23.07901,-23.27422,-24.63015,0.0000,,,,0.0408,,,,,,"[0.000, 0.000, 0.000, 0.000, 0.000, 0.000]",0x000000,2.2450,0,0,0.000000,0.000000,0.000000,0.0000,NO
45,2.2950,2.2950,0.0500,0.050,APPROACHING,0,979.25,912.54,916.92,47.89,-10.71,52.54,0.97925,0.91254,0.91692,0.83579,-0.18694,0.91702,-0.00698,-0.05686,-0.05057,-23.07901,23.27422,24.63015,0.00000,0.00000,0.00000,0.00000,0.00000,0.00000,0.00000,0.00000,0.00000,0.00000,0.00000,0.00000,0.97925,0.91254,0.91692,-0.83579,0.18694,-0.91702,0.00698,0.05686,0.05057,23.07901,-23.27422,-24.63015,0.0000,,,,0.0408,,,,,,"[0.000, 0.000, 0.000, 0.000, 0.000, 0.000]",0x000000,2.2950,0,0,0.000000,0.000000,0.000000,0.0000,NO
46,2.3450,2.3450,0.0500,0.050,APPROACHING,0,978.90,909.70,914.39,-13.08,37.51,134.05,0.97890,0.90970,0.91439,-0.22833,0.65461,2.33966,-0.00698,-0.05686,-0.05057,-23.07901,23.27422,24.63015,0.00000,0.00000,0.00000,0.00000,0.00000,0.00000,0.00000,0.00000,0.00000,0.00000,0.00000,0.00000,0.97890,0.90970,0.91439,0.22833,-0.65461,-2.33966,0.00698,0.05686,0.05057,23.07901,-23.27422,-24.63015,0.0000,,,,0.0408,,,,,,"[0.000, 0.000, 0.000, 0.000, 0.000, 0.000]",0x000000,2.3450,0,0,0.000000,0.000000,0.000000,0.0000,NO
47,2.3950,2.3950,0.0500,0.050,APPROACHING,0,978.55,906.86,911.86,102.45,51.63,-30.88,0.97855,0.90686,0.91186,1.78818,0.90116,-0.53894,-0.00698,-0.05686,-0.05057,-23.07901,23.27422,24.63015,0.00000,0.00000,0.00000,0.00000,0.00000,0.00000,0.00000,0.00000,0.00000,0.00000,0.00000,0.00000,0.97855,0.90686,0.91186,-1.78818,-0.90116,0.53894,0.00698,0.05686,0.05057,23.07901,-23.27422,-24.63015,0.0000,,,,0.0055,,,,,,"[0.000, 1.000, 1.000, 0.000, 0.000, 1.000]",0x011001,2.3950,3,3,-2.000000,1.990002,1.972035,0.0000,NO
48,2.4450,2.4450,0.0500,0.050,APPROACHING,0,978.21,903.96,909.25,51.26,-10.20,48.63,0.97821,0.90396,0.90925,0.89461,-0.17809,0.84872,-0.00544,-0.05880,-0.05327,-24.26319,24.46274,25.80205,0.00000,0.00000,0.00000,0.00000,0.00000,0.00000,0.00000,0.00000,0.00000,0.00000,0.00000,0.00000,0.97821,0.90396,0.90925,-0.89461,0.17809,-0.84872,0.00544,0.05880,0.05327,24.26319,-24.46274,-25.80205,0.0000,,,,0.0408,,,,,,"[0.000, 0.000, 0.000, 0.000, 0.000, 0.000]",0x000000,2.4450,0,3,0.000000,0.000000,0.000000,0.0000,NO
49,2.4950,2.4950,0.0500,0.050,APPROACHING,0,977.94,901.02,906.59,-13.23,38.42,134.68,0.97794,0.90102,0.90659,-0.23083,0.67060,2.35062,-0.00544,-0.05880,-0.05327,-24.26319,24.46274,25.80205,0.00000,0.00000,0.00000,0.00000,0.00000,0.00000,0.00000,0.00000,0.00000,0.00000,0.00000,0.00000,0.97794,0.90102,0.90659,0.23083,-0.67060,-2.35062,0.00544,0.05880,0.05327,24.26319,-24.46274,-25.80205,0.0000,,,,0.0408,,,,,,"[0.000, 0.000, 0.000, 0.000, 0.000, 0.000]",0x000000,2.4950,0,0,0.000000,0.000000,0.000000,0.0000,NO
50,2.5450,2.5450,0.0500,0.050,APPROACHING,0,977.67,898.08,903.93,102.04,46.62,-26.29,0.97767,0.89808,0.90393,1.78085,0.81369,-0.45891,-0.00544,-0.05880,-0.05327,-24.26319,24.46274,25.80205,0.00000,0.00000,0.00000,0.00000,0.00000,0.00000,0.00000,0.00000,0.00000,0.00000,0.00000,0.00000,0.97767,0.89808,0.90393,-1.78085,-0.81369,0.45891,0.00544,0.05880,0.05327,24.26319,-24.46274,-25.80205,0.0000,,,,0.0408,,,,,,"[0.000, 0.000, 0.000, 0.000, 0.000, 0.000]",0x000000,2.5450,0,0,0.000000,0.000000,0.000000,0.0000,NO
51,2.5950,2.5950,0.0500,0.050,APPROACHING,0,977.40,895.14,901.26,44.12,-10.81,56.96,0.97740,0.89514,0.90126,0.77006,-0.18864,0.99409,-0.00544,-0.05880,-0.05327,-24.26319,24.46274,25.80205,0.00000,0.00000,0.00000,0.00000,0.00000,0.00000,0.00000,0.00000,0.00000,0.00000,0.00000,0.00000,0.97740,0.89514,0.90126,-0.77006,0.18864,-0.99409,0.00544,0.05880,0.05327,24.26319,-24.46274,-25.80205,0.0000,,,,0.0408,,,,,,"[0.000, 0.000, 0.000, 0.000, 0.000, 0.000]",0x000000,2.5950,0,0,0.000000,0.000000,0.000000,0.0000,NO
52,2.6450,2.6450,0.0500,0.050,APPROACHING,0,977.12,892.20,898.60,-14.88,45.36,140.60,0.97712,0.89220,0.89860,-0.25969,0.79163,2.45394,-0.00544,-0.05880,-0.05327,-24.26319,24.46274,25.80205,0.00000,0.00000,0.00000,0.00000,0.00000,0.00000,0.00000,0.00000,0.00000,0.00000,0.00000,0.00000,0.97712,0.89220,0.89860,0.25969,-0.79163,-2.45394,0.00544,0.05880,0.05327,24.26319,-24.46274,-25.80205,0.0000,,,,0.0408,,,,,,"[0.000, 0.000, 0.000, 0.000, 0.000, 0.000]",0x000000,2.6450,0,0,0.000000,0.000000,0.000000,0.0000,NO
53,2.6950,2.6950,0.0500,0.050,APPROACHING,0,976.85,889.26,895.93,100.53,39.66,-20.30,0.97685,0.88926,0.89593,1.75454,0.69227,-0.35431,-0.00544,-0.05880,-0.05327,-24.26319,24.46274,25.80205,0.00000,0.00000,0.00000,0.00000,0.00000,0.00000,0.00000,0.00000,0.00000,0.00000,0.00000,0.00000,0.97685,0.88926,0.89593,-1.75454,-0.69227,0.35431,0.00544,0.05880,0.05327,24.26319,-24.46274,-25.80205,0.0000,,,,0.0050,,,,,,"[0.000, 1.000, 1.000, 0.000, 0.000, 1.000]",0x011001,2.6950,3,3,-2.000000,1.988496,1.954926,0.0000,NO
54,2.7450,2.7450,0.0500,0.050,APPROACHING,0,976.62,886.27,893.20,34.90,-9.98,67.72,0.97662,0.88627,0.89320,0.60918,-0.17415,1.18200,-0.00299,-0.06050,-0.05529,-25.44679,25.65096,26.96377,0.00000,0.00000,0.00000,0.00000,0.00000,0.00000,0.00000,0.00000,0.00000,0.00000,0.00000,0.00000,0.97662,0.88627,0.89320,-0.60918,0.17415,-1.18200,0.00299,0.06050,0.05529,25.44679,-25.65096,-26.96377,0.0000,,,,0.0408,,,,,,"[0.000, 0.000, 0.000, 0.000, 0.000, 0.000]",0x000000,2.7450,0,3,0.000000,0.000000,0.000000,0.0000,NO
55,2.7950,2.7950,0.0500,0.050,APPROACHING,0,976.47,883.25,890.44,-15.00,58.70,153.65,0.97647,0.88325,0.89044,-0.26181,1.02446,2.68166,-0.00299,-0.06050,-0.05529,-25.44679,25.65096,26.96377,0.00000,0.00000,0.00000,0.00000,0.00000,0.00000,0.00000,0.00000,0.00000,0.00000,0.00000,0.00000,0.97647,0.88325,0.89044,0.26181,-1.02446,-2.68166,0.00299,0.06050,0.05529,25.44679,-25.65096,-26.96377,0.0000,,,,0.0408,,,,,,"[0.000, 0.000, 0.000, 0.000, 0.000, 0.000]",0x000000,2.7950,0,0,0.000000,0.000000,0.000000,0.0000,NO
56,2.8450,2.8450,0.0500,0.050,APPROACHING,0,976.32,880.22,887.67,93.99,23.22,-6.32,0.97632,0.88022,0.88767,1.64043,0.40529,-0.11026,-0.00299,-0.06050,-0.05529,-25.44679,25.65096,26.96377,0.00000,0.00000,0.00000,0.00000,0.00000,0.00000,0.00000,0.00000,0.00000,0.00000,0.00000,0.00000,0.97632,0.88022,0.88767,-1.64043,-0.40529,0.11026,0.00299,0.06050,0.05529,25.44679,-25.65096,-26.96377,0.0000,,,,0.0408,,,,,,"[0.000, 0.000, 0.000, 0.000, 0.000, 0.000]",0x000000,2.8450,0,0,0.000000,0.000000,0.000000,0.0000,NO
57,2.8950,2.8950,0.0500,0.050,APPROACHING,0,976.17,877.20,884.91,16.71,-3.00,89.38,0.97617,0.87720,0.88491,0.29172,-0.05234,1.55992,-0.00299,-0.06050,-0.05529,-25.44679,25.65096,26.96377,0.00000,0.00000,0.00000,0.00000,0.00000,0.00000,0.00000,0.00000,0.00000,0.00000,0.00000,0.00000,0.97617,0.87720,0.88491,-0.29172,0.05234,-1.55992,0.00299,0.06050,0.05529,25.44679,-25.65096,-26.96377,0.0000,,,,0.0408,,,,,,"[0.000, 0.000, 0.000, 0.000, 0.000, 0.000]",0x000000,2.8950,0,0,0.000000,0.000000,0.000000,0.0000,NO
58,2.9450,2.9450,0.0500,0.050,APPROACHING,0,976.02,874.17,882.14,7.56,76.37,-165.64,0.97602,0.87417,0.88214,0.13196,1.33288,-2.89101,-0.00299,-0.06050,-0.05529,-25.44679,25.65096,26.96377,0.00000,0.00000,0.00000,0.00000,0.00000,0.00000,0.00000,0.00000,0.00000,0.00000,0.00000,0.00000,0.97602,0.87417,0.88214,-0.13196,-1.33288,2.89101,0.00299,0.06050,0.05529,25.44679,-25.65096,-26.96377,0.0000,,,,0.0407,,,,,,"[0.000, 0.000, 0.000, 0.000, 0.000, 0.000]",0x000000,2.9450,0,0,0.000000,0.000000,0.000000,0.0000,NO
59,2.9950,2.9950,0.0500,0.050,APPROACHING,0,975.87,871.15,879.38,82.70,7.19,10.26,0.97587,0.87115,0.87938,1.44340,0.12540,0.17908,-0.00299,-0.06050,-0.05529,-25.44679,25.65096,26.96377,0.00000,0.00000,0.00000,0.00000,0.00000,0.00000,0.00000,0.00000,0.00000,0.00000,0.00000,0.00000,0.97587,0.87115,0.87938,-1.44340,-0.12540,-0.17908,0.00299,0.06050,0.05529,25.44679,-25.65096,-26.96377,0.0000,,,,0.0197,,,,,,"[1.000, 0.000, 1.000, 0.000, 0.000, 1.000]",0x101001,2.9950,3,3,-2.000000,1.997078,1.980971,0.0000,NO
60,3.0450,3.0450,0.0500,0.050,APPROACHING,0,975.72,868.03,876.59,0.82,11.49,109.86,0.97572,0.86803,0.87659,0.01424,0.20053,1.91749,-0.00192,-0.06389,-0.05549,-26.63109,26.84332,28.14121,0.00000,0.00000,0.00000,0.00000,0.00000,0.00000,0.00000,0.00000,0.00000,0.00000,0.00000,0.00000,0.97572,0.86803,0.87659,-0.01424,-0.20053,-1.91749,0.00192,0.06389,0.05549,26.63109,-26.84332,-28.14121,0.0000,,,,0.0408,,,,,,"[0.000, 0.000, 0.000, 0.000, 0.000, 0.000]",0x000000,3.0450,0,3,0.000000,0.000000,0.000000,0.0000,NO
61,3.0950,3.0950,0.0500,0.050,APPROACHING,0,975.63,864.84,873.81,97.51,68.15,-52.37,0.97563,0.86484,0.87381,1.70186,1.18947,-0.91408,-0.00192,-0.06389,-0.05549,-26.63109,26.84332,28.14121,0.00000,0.00000,0.00000,0.00000,0.00000,0.00000,0.00000,0.00000,0.00000,0.00000,0.00000,0.00000,0.97563,0.86484,0.87381,-1.70186,-1.18947,0.91408,0.00192,0.06389,0.05549,26.63109,-26.84332,-28.14121,0.0000,,,,0.0407,,,,,,"[0.000, 0.000, 0.000, 0.000, 0.000, 0.000]",0x000000,3.0950,0,0,0.000000,0.000000,0.000000,0.0000,NO
62,3.1450,3.1450,0.0500,0.050,APPROACHING,0,975.53,861.64,871.04,57.76,-8.70,41.05,0.97553,0.86164,0.87104,1.00804,-0.15190,0.71650,-0.00192,-0.06389,-0.05549,-26.63109,26.84332,28.14121,0.00000,0.00000,0.00000,0.00000,0.00000,0.00000,0.00000,0.00000,0.00000,0.00000,0.00000,0.00000,0.97553,0.86164,0.87104,-1.00804,0.15190,-0.71650,0.00192,0.06389,0.05549,26.63109,-26.84332,-28.14121,0.0000,,,,0.0408,,,,,,"[0.000, 0.000, 0.000, 0.000, 0.000, 0.000]",0x000000,3.1450,0,0,0.000000,0.000000,0.000000,0.0000,NO
63,3.1950,3.1950,0.0500,0.050,APPROACHING,0,975.43,858.45,868.26,-13.65,40.33,135.96,0.97543,0.85845,0.86826,-0.23821,0.70387,2.37300,-0.00192,-0.06389,-0.05549,-26.63109,26.84332,28.14121,0.00000,0.00000,0.00000,0.00000,0.00000,0.00000,0.00000,0.00000,0.00000,0.00000,0.00000,0.00000,0.97543,0.85845,0.86826,0.23821,-0.70387,-2.37300,0.00192,0.06389,0.05549,26.63109,-26.84332,-28.14121,0.0000,,,,0.0407,,,,,,"[0.000, 0.000, 0.000, 0.000, 0.000, 0.000]",0x000000,3.1950,0,0,0.000000,0.000000,0.000000,0.0000,NO
64,3.2450,3.2450,0.0500,0.050,APPROACHING,0,975.34,855.25,865.49,99.85,36.64,-17.80,0.97534,0.85525,0.86549,1.74265,0.63951,-0.31062,-0.00192,-0.06389,-0.05549,-26.63109,26.84332,28.14121,0.00000,0.00000,0.00000,0.00000,0.00000,0.00000,0.00000,0.00000,0.00000,0.00000,0.00000,0.00000,0.97534,0.85525,0.86549,-1.74265,-0.63951,0.31062,0.00192,0.06389,0.05549,26.63109,-26.84332,-28.14121,0.0000,,,,0.0049,,,,,,"[1.000, 0.000, 1.000, 0.000, 0.000, 1.000]",0x101001,3.2450,3,3,-2.000000,1.988934,1.954636,0.0000,NO
65,3.2950,3.2950,0.0500,0.050,APPROACHING,0,975.18,852.00,862.68,24.00,-6.64,80.59,0.97518,0.85200,0.86268,0.41883,-0.11588,1.40654,-0.00310,-0.06697,-0.05663,-27.81463,28.03186,29.30274,0.00000,0.00000,0.00000,0.00000,0.00000,0.00000,0.00000,0.00000,0.00000,0.00000,0.00000,0.00000,0.97518,0.85200,0.86268,-0.41883,0.11588,-1.40654,0.00310,0.06697,0.05663,27.81463,-28.03186,-29.30274,0.0000,,,,0.0408,,,,,,"[0.000, 0.000, 0.000, 0.000, 0.000, 0.000]",0x000000,3.2950,0,3,0.000000,0.000000,0.000000,0.0000,NO
66,3.3450,3.3450,0.0500,0.050,APPROACHING,0,975.03,848.65,859.85,8.35,76.65,-164.91,0.97503,0.84865,0.85985,0.14571,1.33775,-2.87831,-0.00310,-0.06697,-0.05663,-27.81463,28.03186,29.30274,0.00000,0.00000,0.00000,0.00000,0.00000,0.00000,0.00000,0.00000,0.00000,0.00000,0.00000,0.00000,0.97503,0.84865,0.85985,-0.14571,-1.33775,2.87831,0.00310,0.06697,0.05663,27.81463,-28.03186,-29.30274,0.0000,,,,0.0408,,,,,,"[0.000, 0.000, 0.000, 0.000, 0.000, 0.000]",0x000000,3.3450,0,0,0.000000,0.000000,0.000000,0.0000,NO
67,3.3950,3.3950,0.0500,0.050,APPROACHING,0,974.87,845.30,857.02,76.62,1.35,18.26,0.97487,0.84530,0.85702,1.33724,0.02356,0.31866,-0.00310,-0.06697,-0.05663,-27.81463,28.03186,29.30274,0.00000,0.00000,0.00000,0.00000,0.00000,0.00000,0.00000,0.00000,0.00000,0.00000,0.00000,0.00000,0.97487,0.84530,0.85702,-1.33724,-0.02356,-0.31866,0.00310,0.06697,0.05663,27.81463,-28.03186,-29.30274,0.0000,,,,0.0408,,,,,,"[0.000, 0.000, 0.000, 0.000, 0.000, 0.000]",0x000000,3.3950,0,0,0.000000,0.000000,0.000000,0.0000,NO
68,3.4450,3.4450,0.0500,0.050,APPROACHING,0,974.72,841.95,854.19,-7.17,24.08,122.03,0.97472,0.84195,0.85419,-0.12511,0.42025,2.12975,-0.00310,-0.06697,-0.05663,-27.81463,28.03186,29.30274,0.00000,0.00000,0.00000,0.00000,0.00000,0.00000,0.00000,0.00000,0.00000,0.00000,0.00000,0.00000,0.97472,0.84195,0.85419,0.12511,-0.42025,-2.12975,0.00310,0.06697,0.05663,27.81463,-28.03186,-29.30274,0.0000,,,,0.0408,,,,,,"[0.000, 0.000, 0.000, 0.000, 0.000, 0.000]",0x000000,3.4450,0,0,0.000000,0.000000,0.000000,0.0000,NO
69,3.4950,3.4950,0.0500,0.050,APPROACHING,0,974.56,838.60,851.35,102.78,49.55,-28.97,0.97456,0.83860,0.85135,1.79378,0.86478,-0.50564,-0.00310,-0.06697,-0.05663,-27.81463,28.03186,29.30274,0.00000,0.00000,0.00000,0.00000,0.00000,0.00000,0.00000,0.00000,0.00000,0.00000,0.00000,0.00000,0.97456,0.83860,0.85135,-1.79378,-0.86478,0.50564,0.00310,0.06697,0.05663,27.81463,-28.03186,-29.30274,0.0000,,,,0.0271,,,,,,"[0.000, 1.000, 1.000, 0.000, 0.000, 1.000]",0x011001,3.4950,3,3,-2.000000,1.998067,1.999109,0.0000,NO
70,3.5450,3.5450,0.0500,0.050,APPROACHING,0,974.43,835.21,848.45,32.63,-9.37,70.41,0.97443,0.83521,0.84845,0.56952,-0.16356,1.22888,-0.00103,-0.06859,-0.05880,-28.99973,29.22406,30.49093,0.00000,0.00000,0.00000,0.00000,0.00000,0.00000,0.00000,0.00000,0.00000,0.00000,0.00000,0.00000,0.97443,0.83521,0.84845,-0.56952,0.16356,-1.22888,0.00103,0.06859,0.05880,28.99973,-29.22406,-30.49093,0.0000,,,,0.0408,,,,,,"[0.000, 0.000, 0.000, 0.000, 0.000, 0.000]",0x000000,3.5450,0,3,0.000000,0.000000,0.000000,0.0000,NO
71,3.5950,3.5950,0.0500,0.050,APPROACHING,0,974.38,831.78,845.51,-3.23,72.97,179.05,0.97438,0.83178,0.84551,-0.05629,1.27361,3.12503,-0.00103,-0.06859,-0.05880,-28.99973,29.22406,30.49093,0.00000,0.00000,0.00000,0.00000,0.00000,0.00000,0.00000,0.00000,0.00000,0.00000,0.00000,0.00000,0.97438,0.83178,0.84551,0.05629,-1.27361,-3.12503,0.00103,0.06859,0.05880,28.99973,-29.22406,-30.49093,0.0000,,,,0.0408,,,,,,"[0.000, 0.000, 0.000, 0.000, 0.000, 0.000]",0x000000,3.5950,0,0,0.000000,0.000000,0.000000,0.0000,NO
72,3.6450,3.6450,0.0500,0.050,APPROACHING,0,974.33,828.35,842.57,77.11,1.76,17.65,0.97433,0.82835,0.84257,1.34590,0.03071,0.30806,-0.00103,-0.06859,-0.05880,-28.99973,29.22406,30.49093,0.00000,0.00000,0.00000,0.00000,0.00000,0.00000,0.00000,0.00000,0.00000,0.00000,0.00000,0.00000,0.97433,0.82835,0.84257,-1.34590,-0.03071,-0.30806,0.00103,0.06859,0.05880,28.99973,-29.22406,-30.49093,0.0000,,,,0.0408,,,,,,"[0.000, 0.000, 0.000, 0.000, 0.000, 0.000]",0x000000,3.6450,0,0,0.000000,0.000000,0.000000,0.0000,NO
73,3.6950,3.6950,0.0500,0.050,APPROACHING,0,974.28,824.92,839.63,-8.73,27.38,124.83,0.97428,0.82492,0.83963,-0.15233,0.47793,2.17872,-0.00103,-0.06859,-0.05880,-28.99973,29.22406,30.49093,0.00000,0.00000,0.00000,0.00000,0.00000,0.00000,0.00000,0.00000,0.00000,0.00000,0.00000,0.00000,0.97428,0.82492,0.83963,0.15233,-0.47793,-2.17872,0.00103,0.06859,0.05880,28.99973,-29.22406,-30.49093,0.0000,,,,0.0408,,,,,,"[0.000, 0.000, 0.000, 0.000, 0.000, 0.000]",0x000000,3.6950,0,0,0.000000,0.000000,0.000000,0.0000,NO
74,3.7450,3.7450,0.0500,0.050,APPROACHING,0,974.22,821.49,836.69,101.48,41.86,-22.22,0.97422,0.82149,0.83669,1.77118,0.73059,-0.38786,-0.00103,-0.06859,-0.05880,-28.99973,29.22406,30.49093,0.00000,0.00000,0.00000,0.00000,0.00000,0.00000,0.00000,0.00000,0.00000,0.00000,0.00000,0.00000,0.97422,0.82149,0.83669,-1.77118,-0.73059,0.38786,0.00103,0.06859,0.05880,28.99973,-29.22406,-30.49093,0.0000,,,,0.0186,,,,,,"[0.000, 1.000, 1.000, 0.000, 0.000, 1.000]",0x011001,3.7450,3,3,-2.000000,1.997204,1.995977,0.0000,NO
75,3.7950,3.7950,0.0500,0.050,APPROACHING,0,974.21,818.01,833.68,21.37,-5.31,83.74,0.97421,0.81801,0.83368,0.37305,-0.09262,1.46158,0.00151,-0.06995,-0.06049,-30.18473,30.41589,31.67721,0.00000,0.00000,0.00000,0.00000,0.00000,0.00000,0.00000,0.00000,0.00000,0.00000,0.00000,0.00000,0.97421,0.81801,0.83368,-0.37305,0.09262,-1.46158,-0.00151,0.06995,0.06049,30.18473,-30.41589,-31.67721,0.0000,,,,0.0408,,,,,,"[0.000, 0.000, 0.000, 0.000, 0.000, 0.000]",0x000000,3.7950,0,3,0.000000,0.000000,0.000000,0.0000,NO
76,3.8450,3.8450,0.0500,0.050,APPROACHING,0,974.29,814.51,830.65,63.07,78.87,-100.11,0.97429,0.81451,0.83065,1.10077,1.37663,-1.74733,0.00151,-0.06995,-0.06049,-30.18473,30.41589,31.67721,0.00000,0.00000,0.00000,0.00000,0.00000,0.00000,0.00000,0.00000,0.00000,0.00000,0.00000,0.00000,0.97429,0.81451,0.83065,-1.10077,-1.37663,1.74733,-0.00151,0.06995,0.06049,30.18473,-30.41589,-31.67721,0.0000,,,,0.0408,,,,,,"[0.000, 0.000, 0.000, 0.000, 0.000, 0.000]",0x000000,3.8450,0,0,0.000000,0.000000,0.000000,0.0000,NO
77,3.8950,3.8950,0.0500,0.050,APPROACHING,0,974.36,811.01,827.63,59.51,-8.08,39.03,0.97436,0.81101,0.82763,1.03868,-0.14107,0.68112,0.00151,-0.06995,-0.06049,-30.18473,30.41589,31.67721,0.00000,0.00000,0.00000,0.00000,0.00000,0.00000,0.00000,0.00000,0.00000,0.00000,0.00000,0.00000,0.97436,0.81101,0.82763,-1.03868,0.14107,-0.68112,-0.00151,0.06995,0.06049,30.18473,-30.41589,-31.67721,0.0000,,,,0.0408,,,,,,"[0.000, 0.000, 0.000, 0.000, 0.000, 0.000]",0x000000,3.8950,0,0,0.000000,0.000000,0.000000,0.0000,NO
78,3.9450,3.9450,0.0500,0.050,APPROACHING,0,974.44,807.52,824.61,-15.35,51.14,145.19,0.97444,0.80752,0.82461,-0.26793,0.89262,2.53408,0.00151,-0.06995,-0.06049,-30.18473,30.41589,31.67721,0.00000,0.00000,0.00000,0.00000,0.00000,0.00000,0.00000,0.00000,0.00000,0.00000,0.00000,0.00000,0.97444,0.80752,0.82461,0.26793,-0.89262,-2.53408,-0.00151,0.06995,0.06049,30.18473,-30.41589,-31.67721,0.0000,,,,0.0408,,,,,,"[0.000, 0.000, 0.000, 0.000, 0.000, 0.000]",0x000000,3.9450,0,0,0.000000,0.000000,0.000000,0.0000,NO
79,3.9950,3.9950,0.0500,0.050,APPROACHING,0,974.51,804.02,821.58,89.54,15.50,0.96,0.97451,0.80402,0.82158,1.56285,0.27054,0.01668,0.00151,-0.06995,-0.06049,-30.18473,30.41589,31.67721,0.00000,0.00000,0.00000,0.00000,0.00000,0.00000,0.00000,0.00000,0.00000,0.00000,0.00000,0.00000,0.97451,0.80402,0.82158,-1.56285,-0.27054,-0.01668,-0.00151,0.06995,0.06049,30.18473,-30.41589,-31.67721,0.0000,,,,0.0055,,,,,,"[1.000, 0.000, 1.000, 0.000, 0.000, 1.000]",0x101001,3.9950,3,3,-2.000000,1.989964,1.939090,0.0000,NO
80,4.0450,4.0450,0.0500,0.050,APPROACHING,0,974.58,800.44,818.53,-2.60,16.66,114.79,0.97458,0.80044,0.81853,-0.04542,0.29071,2.00340,0.00225,-0.07315,-0.06071,-31.36736,31.60586,32.82959,0.00000,0.00000,0.00000,0.00000,0.00000,0.00000,0.00000,0.00000,0.00000,0.00000,0.00000,0.00000,0.97458,0.80044,0.81853,0.04542,-0.29071,-2.00340,-0.00225,0.07315,0.06071,31.36736,-31.60586,-32.82959,0.0000,,,,0.0408,,,,,,"[0.000, 0.000, 0.000, 0.000, 0.000, 0.000]",0x000000,4.0450,0,3,0.000000,0.000000,0.000000,0.0000,NO
81,4.0950,4.0950,0.0500,0.050,APPROACHING,0,974.69,796.78,815.49,102.50,45.69,-25.51,0.97469,0.79678,0.81549,1.78899,0.79741,-0.44522,0.00225,-0.07315,-0.06071,-31.36736,31.60586,32.82959,0.00000,0.00000,0.00000,0.00000,0.00000,0.00000,0.00000,0.00000,0.00000,0.00000,0.00000,0.00000,0.97469,0.79678,0.81549,-1.78899,-0.79741,0.44522,-0.00225,0.07315,0.06071,31.36736,-31.60586,-32.82959,0.0000,,,,0.0408,,,,,,"[0.000, 0.000, 0.000, 0.000, 0.000, 0.000]",0x000000,4.0950,0,0,0.000000,0.000000,0.000000,0.0000,NO
82,4.1450,4.1450,0.0500,0.050,APPROACHING,0,974.80,793.12,812.46,19.37,-4.22,86.15,0.97480,0.79312,0.81246,0.33809,-0.07360,1.50367,0.00225,-0.07315,-0.06071,-31.36736,31.60586,32.82959,0.00000,0.00000,0.00000,0.00000,0.00000,0.00000,0.00000,0.00000,0.00000,0.00000,0.00000,0.00000,0.97480,0.79312,0.81246,-0.33809,0.07360,-1.50367,-0.00225,0.07315,0.06071,31.36736,-31.60586,-32.82959,0.0000,,,,0.0408,,,,,,"[0.000, 0.000, 0.000, 0.000, 0.000, 0.000]",0x000000,4.1450,0,0,0.000000,0.000000,0.000000,0.0000,NO
83,4.1950,4.1950,0.0500,0.050,APPROACHING,0,974.92,789.46,809.42,86.21,74.97,-71.24,0.97492,0.78946,0.80942,1.50468,1.30845,-1.24338,0.00225,-0.07315,-0.06071,-31.36736,31.60586,32.82959,0.00000,0.00000,0.00000,0.00000,0.00000,0.00000,0.00000,0.00000,0.00000,0.00000,0.00000,0.00000,0.97492,0.78946,0.80942,-1.50468,-1.30845,1.24338,-0.00225,0.07315,0.06071,31.36736,-31.60586,-32.82959,0.0000,,,,0.0408,,,,,,"[0.000, 0.000, 0.000, 0.000, 0.000, 0.000]",0x000000,4.1950,0,0,0.000000,0.000000,0.000000,0.0000,NO
84,4.2450,4.2450,0.0500,0.050,APPROACHING,0,975.03,785.81,806.39,49.13,-10.31,51.22,0.97503,0.78581,0.80639,0.85745,-0.17994,0.89391,0.00225,-0.07315,-0.06071,-31.36736,31.60586,32.82959,0.00000,0.00000,0.00000,0.00000,0.00000,0.00000,0.00000,0.00000,0.00000,0.00000,0.00000,0.00000,0.97503,0.78581,0.80639,-0.85745,0.17994,-0.89391,-0.00225,0.07315,0.06071,31.36736,-31.60586,-32.82959,0.0000,,,,0.0362,,,,,,"[1.000, 0.000, 1.000, 0.000, 1.000, 0.000]",0x101010,4.2450,3,3,-2.000000,1.999077,1.983930,0.0000,NO
85,4.2950,4.2950,0.0500,0.050,APPROACHING,0,975.17,782.11,803.28,-10.73,67.78,165.89,0.97517,0.78211,0.80328,-0.18729,1.18300,2.89525,0.00457,-0.07436,-0.06259,-32.55179,32.79924,34.00884,0.00000,0.00000,0.00000,0.00000,0.00000,0.00000,0.00000,0.00000,0.00000,0.00000,0.00000,0.00000,0.97517,0.78211,0.80328,0.18729,-1.18300,-2.89525,-0.00457,0.07436,0.06259,32.55179,-32.79924,-34.00884,0.0000,,,,0.0408,,,,,,"[0.000, 0.000, 0.000, 0.000, 0.000, 0.000]",0x000000,4.2950,0,3,0.000000,0.000000,0.000000,0.0000,NO
86,4.3450,4.3450,0.0500,0.050,APPROACHING,0,975.40,778.39,800.15,71.96,-2.16,24.25,0.97540,0.77839,0.80015,1.25602,-0.03769,0.42323,0.00457,-0.07436,-0.06259,-32.55179,32.79924,34.00884,0.00000,0.00000,0.00000,0.00000,0.00000,0.00000,0.00000,0.00000,0.00000,0.00000,0.00000,0.00000,0.97540,0.77839,0.80015,-1.25602,0.03769,-0.42323,-0.00457,0.07436,0.06259,32.55179,-32.79924,-34.00884,0.0000,,,,0.0408,,,,,,"[0.000, 0.000, 0.000, 0.000, 0.000, 0.000]",0x000000,4.3450,0,0,0.000000,0.000000,0.000000,0.0000,NO
87,4.3950,4.3950,0.0500,0.050,APPROACHING,0,975.63,774.67,797.02,-14.72,45.85,140.16,0.97563,0.77467,0.79702,-0.25698,0.80029,2.44626,0.00457,-0.07436,-0.06259,-32.55179,32.79924,34.00884,0.00000,0.00000,0.00000,0.00000,0.00000,0.00000,0.00000,0.00000,0.00000,0.00000,0.00000,0.00000,0.97563,0.77467,0.79702,0.25698,-0.80029,-2.44626,-0.00457,0.07436,0.06259,32.55179,-32.79924,-34.00884,0.0000,,,,0.0407,,,,,,"[0.000, 0.000, 0.000, 0.000, 0.000, 0.000]",0x000000,4.3950,0,0,0.000000,0.000000,0.000000,0.0000,NO
88,4.4450,4.4450,0.0500,0.050,APPROACHING,0,975.86,770.95,793.89,87.99,13.08,3.48,0.97586,0.77095,0.79389,1.53564,0.22834,0.06069,0.00457,-0.07436,-0.06259,-32.55179,32.79924,34.00884,0.00000,0.00000,0.00000,0.00000,0.00000,0.00000,0.00000,0.00000,0.00000,0.00000,0.00000,0.00000,0.97586,0.77095,0.79389,-1.53564,-0.22834,-0.06069,-0.00457,0.07436,0.06259,32.55179,-32.79924,-34.00884,0.0000,,,,0.0050,,,,,,"[1.000, 0.000, 1.000, 0.000, 0.000, 1.000]",0x101001,4.4450,3,3,-2.000000,1.991790,1.930964,0.0000,NO
89,4.4950,4.4950,0.0500,0.050,APPROACHING,0,976.08,767.15,790.74,-8.22,26.60,123.81,0.97608,0.76715,0.79074,-0.14344,0.46422,2.16089,0.00558,-0.07734,-0.06247,-33.73385,33.99073,35.15649,0.00000,0.00000,0.00000,0.00000,0.00000,0.00000,0.00000,0.00000,0.00000,0.00000,0.00000,0.00000,0.97608,0.76715,0.79074,0.14344,-0.46422,-2.16089,-0.00558,0.07734,0.06247,33.73385,-33.99073,-35.15649,0.0000,,,,0.0408,,,,,,"[0.000, 0.000, 0.000, 0.000, 0.000, 0.000]",0x000000,4.4950,0,3,0.000000,0.000000,0.000000,0.0000,NO
90,4.5450,4.5450,0.0500,0.050,APPROACHING,0,976.36,763.28,787.62,96.44,26.91,-9.59,0.97636,0.76328,0.78762,1.68312,0.46962,-0.16736,0.00558,-0.07734,-0.06247,-33.73385,33.99073,35.15649,0.00000,0.00000,0.00000,0.00000,0.00000,0.00000,0.00000,0.00000,0.00000,0.00000,0.00000,0.00000,0.97636,0.76328,0.78762,-1.68312,-0.46962,0.16736,-0.00558,0.07734,0.06247,33.73385,-33.99073,-35.15649,0.0000,,,,0.0408,,,,,,"[0.000, 0.000, 0.000, 0.000, 0.000, 0.000]",0x000000,4.5450,0,0,0.000000,0.000000,0.000000,0.0000,NO
91,4.5950,4.5950,0.0500,0.050,APPROACHING,0,976.64,759.41,784.49,-1.02,14.45,112.46,0.97664,0.75941,0.78449,-0.01780,0.25225,1.96273,0.00558,-0.07734,-0.06247,-33.73385,33.99073,35.15649,0.00000,0.00000,0.00000,0.00000,0.00000,0.00000,0.00000,0.00000,0.00000,0.00000,0.00000,0.00000,0.97664,0.75941,0.78449,0.01780,-0.25225,-1.96273,-0.00558,0.07734,0.06247,33.73385,-33.99073,-35.15649,0.0000,,,,0.0408,,,,,,"[0.000, 0.000, 0.000, 0.000, 0.000, 0.000]",0x000000,4.5950,0,0,0.000000,0.000000,0.000000,0.0000,NO
92,4.6450,4.6450,0.0500,0.050,APPROACHING,0,976.92,755.55,781.37,101.47,40.15,-20.69,0.97692,0.75555,0.78137,1.77091,0.70071,-0.36103,0.00558,-0.07734,-0.06247,-33.73385,33.99073,35.15649,0.00000,0.00000,0.00000,0.00000,0.00000,0.00000,0.00000,0.00000,0.00000,0.00000,0.00000,0.00000,0.97692,0.75555,0.78137,-1.77091,-0.70071,0.36103,-0.00558,0.07734,0.06247,33.73385,-33.99073,-35.15649,0.0000,,,,0.0358,,,,,,"[1.000, 0.000, 1.000, 0.000, 0.000, 1.000]",0x101001,4.6450,3,3,-2.000000,2.000000,2.000000,0.0000,NO
93,4.6950,4.6950,0.0500,0.050,APPROACHING,0,977.14,751.62,778.22,6.69,5.44,101.99,0.97714,0.75162,0.77822,0.11675,0.09486,1.77997,0.00495,-0.08027,-0.06321,-34.91919,35.18383,36.34523,0.00000,0.00000,0.00000,0.00000,0.00000,0.00000,0.00000,0.00000,0.00000,0.00000,0.00000,0.00000,0.97714,0.75162,0.77822,-0.11675,-0.09486,-1.77997,-0.00495,0.08027,0.06321,34.91919,-35.18383,-36.34523,0.0000,,,,0.0408,,,,,,"[0.000, 0.000, 0.000, 0.000, 0.000, 0.000]",0x000000,4.6950,0,3,0.000000,0.000000,0.000000,0.0000,NO
94,4.7450,4.7450,0.0500,0.050,APPROACHING,0,977.39,747.60,775.06,103.14,47.67,-27.14,0.97739,0.74760,0.77506,1.80016,0.83200,-0.47363,0.00495,-0.08027,-0.06321,-34.91919,35.18383,36.34523,0.00000,0.00000,0.00000,0.00000,0.00000,0.00000,0.00000,0.00000,0.00000,0.00000,0.00000,0.00000,0.97739,0.74760,0.77506,-1.80016,-0.83200,0.47363,-0.00495,0.08027,0.06321,34.91919,-35.18383,-36.34523,0.0000,,,,0.0408,,,,,,"[0.000, 0.000, 0.000, 0.000, 0.000, 0.000]",0x000000,4.7450,0,0,0.000000,0.000000,0.000000,0.0000,NO
95,4.7950,4.7950,0.0500,0.050,APPROACHING,0,977.64,743.59,771.90,10.81,1.71,96.73,0.97764,0.74359,0.77190,0.18862,0.02990,1.68821,0.00495,-0.08027,-0.06321,-34.91919,35.18383,36.34523,0.00000,0.00000,0.00000,0.00000,0.00000,0.00000,0.00000,0.00000,0.00000,0.00000,0.00000,0.00000,0.97764,0.74359,0.77190,-0.18862,-0.02990,-1.68821,-0.00495,0.08027,0.06321,34.91919,-35.18383,-36.34523,0.0000,,,,0.0408,,,,,,"[0.000, 0.000, 0.000, 0.000, 0.000, 0.000]",0x000000,4.7950,0,0,0.000000,0.000000,0.000000,0.0000,NO
96,4.8450,4.8450,0.0500,0.050,APPROACHING,0,977.89,739.58,768.74,103.61,53.21,-32.29,0.97789,0.73958,0.76874,1.80830,0.92863,-0.56359,0.00495,-0.08027,-0.06321,-34.91919,35.18383,36.34523,0.00000,0.00000,0.00000,0.00000,0.00000,0.00000,0.00000,0.00000,0.00000,0.00000,0.00000,0.00000,0.97789,0.73958,0.76874,-1.80830,-0.92863,0.56359,-0.00495,0.08027,0.06321,34.91919,-35.18383,-36.34523,0.0000,,,,0.0408,,,,,,"[0.000, 0.000, 0.000, 0.000, 0.000, 0.000]",0x000000,4.8450,0,0,0.000000,0.000000,0.000000,0.0000,NO
97,4.8950,4.8950,0.0500,0.050,APPROACHING,0,978.13,735.56,765.58,15.25,-1.61,91.22,0.97813,0.73556,0.76558,0.26613,-0.02804,1.59203,0.00495,-0.08027,-0.06321,-34.91919,35.18383,36.34523,0.00000,0.00000,0.00000,0.00000,0.00000,0.00000,0.00000,0.00000,0.00000,0.00000,0.00000,0.00000,0.97813,0.73556,0.76558,-0.26613,0.02804,-1.59203,-0.00495,0.08027,0.06321,34.91919,-35.18383,-36.34523,0.0000,,,,0.0407,,,,,,"[0.000, 0.000, 0.000, 0.000, 0.000, 0.000]",0x000000,4.8950,0,0,0.000000,0.000000,0.000000,0.0000,NO
98,4.9450,4.9450,0.0500,0.050,APPROACHING,0,978.38,731.55,762.42,103.19,58.75,-38.16,0.97838,0.73155,0.76242,1.80095,1.02530,-0.66594,0.00495,-0.08027,-0.06321,-34.91919,35.18383,36.34523,0.00000,0.00000,0.00000,0.00000,0.00000,0.00000,0.00000,0.00000,0.00000,0.00000,0.00000,0.00000,0.97838,0.73155,0.76242,-1.80095,-1.02530,0.66594,-0.00495,0.08027,0.06321,34.91919,-35.18383,-36.34523,0.0000,,,,0.0329,,,,,,"[0.000, 1.000, 1.000, 0.000, 0.000, 1.000]",0x011001,4.9450,3,3,-1.982167,2.000000,1.996269,0.0000,NO
99,4.9950,4.9950,0.0500,0.050,APPROACHING,0,978.65,727.50,759.18,18.20,-3.42,87.65,0.97865,0.72750,0.75918,0.31760,-0.05972,1.52971,0.00688,-0.08148,-0.06513,-36.09383,36.37611,37.53262,0.00000,0.00000,0.00000,0.00000,0.00000,0.00000,0.00000,0.00000,0.00000,0.00000,0.00000,0.00000,0.97865,0.72750,0.75918,-0.31760,0.05972,-1.52971,-0.00688,0.08148,0.06513,36.09383,-36.37611,-37.53262,0.0000,,,,0.0407,,,,,,"[0.000, 0.000, 0.000, 0.000, 0.000, 0.000]",0x000000,4.9950,0,3,0.000000,0.000000,0.000000,0.0000,NO
100,5.0450,5.0450,0.0500,0.050,APPROACHING,0,978.99,723.42,755.93,103.34,58.02,-37.35,0.97899,0.72342,0.75593,1.80354,1.01263,-0.65183,0.00688,-0.08148,-0.06513,-36.09383,36.37611,37.53262,0.00000,0.00000,0.00000,0.00000,0.00000,0.00000,0.00000,0.00000,0.00000,0.00000,0.00000,0.00000,0.97899,0.72342,0.75593,-1.80354,-1.01263,0.65183,-0.00688,0.08148,0.06513,36.09383,-36.37611,-37.53262,0.0000,,,,0.0408,,,,,,"[0.000, 0.000, 0.000, 0.000, 0.000, 0.000]",0x000000,5.0450,0,0,0.000000,0.000000,0.000000,0.0000,NO
101,5.0950,5.0950,0.0500,0.050,APPROACHING,0,979.33,719.35,752.67,15.82,-1.95,90.53,0.97933,0.71935,0.75267,0.27617,-0.03396,1.58011,0.00688,-0.08148,-0.06513,-36.09383,36.37611,37.53262,0.00000,0.00000,0.00000,0.00000,0.00000,0.00000,0.00000,0.00000,0.00000,0.00000,0.00000,0.00000,0.97933,0.71935,0.75267,-0.27617,0.03396,-1.58011,-0.00688,0.08148,0.06513,36.09383,-36.37611,-37.53262,0.0000,,,,0.0075,,,,,,"[1.000, 0.000, 0.000, 1.000, 1.000, 0.000]",0x100110,5.0950,3,3,-1.985929,2.000000,1.935156,0.0000,NO
102,5.1450,5.1450,0.0500,0.050,APPROACHING,0,979.67,715.20,749.39,103.74,53.17,-32.18,0.97967,0.71520,0.74939,1.81065,0.92805,-0.56157,0.00789,-0.08419,-0.06492,-37.26720,37.57166,38.68389,0.00000,0.00000,0.00000,0.00000,0.00000,0.00000,0.00000,0.00000,0.00000,0.00000,0.00000,0.00000,0.97967,0.71520,0.74939,-1.81065,-0.92805,0.56157,-0.00789,0.08419,0.06492,37.26720,-37.57166,-38.68389,0.0000,,,,0.0408,,,,,,"[0.000, 0.000, 0.000, 0.000, 0.000, 0.000]",0x000000,5.1450,0,3,0.000000,0.000000,0.000000,0.0000,NO
103,5.1950,5.1950,0.0500,0.050,APPROACHING,0,980.07,710.99,746.14,8.78,3.57,99.42,0.98007,0.71099,0.74614,0.15320,0.06226,1.73514,0.00789,-0.08419,-0.06492,-37.26720,37.57166,38.68389,0.00000,0.00000,0.00000,0.00000,0.00000,0.00000,0.00000,0.00000,0.00000,0.00000,0.00000,0.00000,0.98007,0.71099,0.74614,-0.15320,-0.06226,-1.73514,-0.00789,0.08419,0.06492,37.26720,-37.57166,-38.68389,0.0000,,,,0.0408,,,,,,"[0.000, 0.000, 0.000, 0.000, 0.000, 0.000]",0x000000,5.1950,0,0,0.000000,0.000000,0.000000,0.0000,NO
104,5.2450,5.2450,0.0500,0.050,APPROACHING,0,980.46,706.78,742.90,102.17,42.19,-22.33,0.98046,0.70678,0.74290,1.78320,0.73632,-0.38974,0.00789,-0.08419,-0.06492,-37.26720,37.57166,38.68389,0.00000,0.00000,0.00000,0.00000,0.00000,0.00000,0.00000,0.00000,0.00000,0.00000,0.00000,0.00000,0.98046,0.70678,0.74290,-1.78320,-0.73632,0.38974,-0.00789,0.08419,0.06492,37.26720,-37.57166,-38.68389,0.0000,,,,0.0407,,,,,,"[0.000, 0.000, 0.000, 0.000, 0.000, 0.000]",0x000000,5.2450,0,0,0.000000,0.000000,0.000000,0.0000,NO
105,5.2950,5.2950,0.0500,0.050,APPROACHING,0,980.86,702.57,739.65,1.22,11.67,109.42,0.98086,0.70257,0.73965,0.02125,0.20375,1.90979,0.00789,-0.08419,-0.06492,-37.26720,37.57166,38.68389,0.00000,0.00000,0.00000,0.00000,0.00000,0.00000,0.00000,0.00000,0.00000,0.00000,0.00000,0.00000,0.98086,0.70257,0.73965,-0.02125,-0.20375,-1.90979,-0.00789,0.08419,0.06492,37.26720,-37.57166,-38.68389,0.0000,,,,0.0408,,,,,,"[0.000, 0.000, 0.000, 0.000, 0.000, 0.000]",0x000000,5.2950,0,0,0.000000,0.000000,0.000000,0.0000,NO
106,5.3450,5.3450,0.0500,0.050,APPROACHING,0,981.25,698.36,736.41,98.63,31.52,-13.45,0.98125,0.69836,0.73641,1.72148,0.55011,-0.23470,0.00789,-0.08419,-0.06492,-37.26720,37.57166,38.68389,0.00000,0.00000,0.00000,0.00000,0.00000,0.00000,0.00000,0.00000,0.00000,0.00000,0.00000,0.00000,0.98125,0.69836,0.73641,-1.72148,-0.55011,0.23470,-0.00789,0.08419,0.06492,37.26720,-37.57166,-38.68389,0.0000,,,,0.0049,,,,,,"[1.000, 0.000, 1.000, 0.000, 0.000, 1.000]",0x101001,5.3450,3,3,-1.923006,2.000000,2.000000,0.0000,NO
107,5.3950,5.3950,0.0500,0.050,APPROACHING,0,981.61,694.08,733.13,-6.07,22.76,120.35,0.98161,0.69408,0.73313,-0.10602,0.39717,2.10049,0.00806,-0.08703,-0.06516,-38.40743,38.76008,39.87650,0.00000,0.00000,0.00000,0.00000,0.00000,0.00000,0.00000,0.00000,0.00000,0.00000,0.00000,0.00000,0.98161,0.69408,0.73313,0.10602,-0.39717,-2.10049,-0.00806,0.08703,0.06516,38.40743,-38.76008,-39.87650,0.0000,,,,0.0408,,,,,,"[0.000, 0.000, 0.000, 0.000, 0.000, 0.000]",0x000000,5.3950,0,3,0.000000,0.000000,0.000000,0.0000,NO
108,5.4450,5.4450,0.0500,0.050,APPROACHING,0,982.02,689.72,729.88,90.35,16.06,0.42,0.98202,0.68972,0.72988,1.57684,0.28029,0.00741,0.00806,-0.08703,-0.06516,-38.40743,38.76008,39.87650,0.00000,0.00000,0.00000,0.00000,0.00000,0.00000,0.00000,0.00000,0.00000,0.00000,0.00000,0.00000,0.98202,0.68972,0.72988,-1.57684,-0.28029,-0.00741,-0.00806,0.08703,0.06516,38.40743,-38.76008,-39.87650,0.0000,,,,0.0408,,,,,,"[0.000, 0.000, 0.000, 0.000, 0.000, 0.000]",0x000000,5.4450,0,0,0.000000,0.000000,0.000000,0.0000,NO
109,5.4950,5.4950,0.0500,0.050,APPROACHING,0,982.42,685.37,726.62,-13.47,40.94,135.77,0.98242,0.68537,0.72662,-0.23513,0.71458,2.36960,0.00806,-0.08703,-0.06516,-38.40743,38.76008,39.87650,0.00000,0.00000,0.00000,0.00000,0.00000,0.00000,0.00000,0.00000,0.00000,0.00000,0.00000,0.00000,0.98242,0.68537,0.72662,0.23513,-0.71458,-2.36960,-0.00806,0.08703,0.06516,38.40743,-38.76008,-39.87650,0.0000,,,,0.0140,,,,,,"[0.000, 1.000, 0.000, 1.000, 1.000, 0.000]",0x010110,5.4950,3,3,-1.980564,2.000000,1.975196,0.0000,NO
110,5.5450,5.5450,0.0500,0.050,APPROACHING,0,982.86,680.98,723.30,75.79,0.41,19.84,0.98286,0.68098,0.72330,1.32273,0.00720,0.34630,0.01050,-0.08759,-0.06637,-39.57993,39.95342,41.05148,0.00000,0.00000,0.00000,0.00000,0.00000,0.00000,0.00000,0.00000,0.00000,0.00000,0.00000,0.00000,0.98286,0.68098,0.72330,-1.32273,-0.00720,-0.34630,-0.01050,0.08759,0.06637,39.57993,-39.95342,-41.05148,0.0000,,,,0.0408,,,,,,"[0.000, 0.000, 0.000, 0.000, 0.000, 0.000]",0x000000,5.5450,0,3,0.000000,0.000000,0.000000,0.0000,NO
111,5.5950,5.5950,0.0500,0.050,APPROACHING,0,983.39,676.60,719.98,-11.87,66.27,162.89,0.98339,0.67660,0.71998,-0.20719,1.15658,2.84295,0.01050,-0.08759,-0.06637,-39.57993,39.95342,41.05148,0.00000,0.00000,0.00000,0.00000,0.00000,0.00000,0.00000,0.00000,0.00000,0.00000,0.00000,0.00000,0.98339,0.67660,0.71998,0.20719,-1.15658,-2.84295,-0.01050,0.08759,0.06637,39.57993,-39.95342,-41.05148,0.0000,,,,0.0407,,,,,,"[0.000, 0.000, 0.000, 0.000, 0.000, 0.000]",0x000000,5.5950,0,0,0.000000,0.000000,0.000000,0.0000,NO
112,5.6450,5.6450,0.0500,0.050,APPROACHING,0,983.91,672.23,716.66,50.43,-10.14,50.03,0.98391,0.67223,0.71666,0.88018,-0.17692,0.87316,0.01050,-0.08759,-0.06637,-39.57993,39.95342,41.05148,0.00000,0.00000,0.00000,0.00000,0.00000,0.00000,0.00000,0.00000,0.00000,0.00000,0.00000,0.00000,0.98391,0.67223,0.71666,-0.88018,0.17692,-0.87316,-0.01050,0.08759,0.06637,39.57993,-39.95342,-41.05148,0.0000,,,,0.0062,,,,,,"[1.000, 0.000, 1.000, 0.000, 1.000, 0.000]",0x101010,5.6450,3,3,-2.000000,2.000000,1.924230,0.0000,NO
113,5.6950,5.6950,0.0500,0.050,APPROACHING,0,984.48,667.81,713.28,86.25,75.38,-71.91,0.98448,0.66781,0.71328,1.50542,1.31557,-1.25510,0.01286,-0.08810,-0.06763,-40.76063,41.15077,42.19548,0.00000,0.00000,0.00000,0.00000,0.00000,0.00000,0.00000,0.00000,0.00000,0.00000,0.00000,0.00000,0.98448,0.66781,0.71328,-1.50542,-1.31557,1.25510,-0.01286,0.08810,0.06763,40.76063,-41.15077,-42.19548,0.0000,,,,0.0408,,,,,,"[0.000, 0.000, 0.000, 0.000, 0.000, 0.000]",0x000000,5.6950,0,3,0.000000,0.000000,0.000000,0.0000,NO
114,5.7450,5.7450,0.0500,0.050,APPROACHING,0,985.12,663.41,709.90,17.69,-2.99,88.52,0.98512,0.66341,0.70990,0.30871,-0.05224,1.54495,0.01286,-0.08810,-0.06763,-40.76063,41.15077,42.19548,0.00000,0.00000,0.00000,0.00000,0.00000,0.00000,0.00000,0.00000,0.00000,0.00000,0.00000,0.00000,0.98512,0.66341,0.70990,-0.30871,0.05224,-1.54495,-0.01286,0.08810,0.06763,40.76063,-41.15077,-42.19548,0.0000,,,,0.0408,,,,,,"[0.000, 0.000, 0.000, 0.000, 0.000, 0.000]",0x000000,5.7450,0,0,0.000000,0.000000,0.000000,0.0000,NO
115,5.7950,5.7950,0.0500,0.050,APPROACHING,0,985.76,659.00,706.52,101.94,40.80,-21.11,0.98576,0.65900,0.70652,1.77916,0.71208,-0.36845,0.01286,-0.08810,-0.06763,-40.76063,41.15077,42.19548,0.00000,0.00000,0.00000,0.00000,0.00000,0.00000,0.00000,0.00000,0.00000,0.00000,0.00000,0.00000,0.98576,0.65900,0.70652,-1.77916,-0.71208,0.36845,-0.01286,0.08810,0.06763,40.76063,-41.15077,-42.19548,0.0000,,,,0.0408,,,,,,"[0.000, 0.000, 0.000, 0.000, 0.000, 0.000]",0x000000,5.7950,0,0,0.000000,0.000000,0.000000,0.0000,NO
116,5.8450,5.8450,0.0500,0.050,APPROACHING,0,986.41,654.60,703.14,-6.35,23.41,120.92,0.98641,0.65460,0.70314,-0.11079,0.40854,2.11046,0.01286,-0.08810,-0.06763,-40.76063,41.15077,42.19548,0.00000,0.00000,0.00000,0.00000,0.00000,0.00000,0.00000,0.00000,0.00000,0.00000,0.00000,0.00000,0.98641,0.65460,0.70314,0.11079,-0.40854,-2.11046,-0.01286,0.08810,0.06763,40.76063,-41.15077,-42.19548,0.0000,,,,0.0408,,,,,,"[0.000, 0.000, 0.000, 0.000, 0.000, 0.000]",0x000000,5.8450,0,0,0.000000,0.000000,0.000000,0.0000,NO
117,5.8950,5.8950,0.0500,0.050,APPROACHING,0,987.05,650.19,699.76,84.91,8.91,8.24,0.98705,0.65019,0.69976,1.48195,0.15544,0.14382,0.01286,-0.08810,-0.06763,-40.76063,41.15077,42.19548,0.00000,0.00000,0.00000,0.00000,0.00000,0.00000,0.00000,0.00000,0.00000,0.00000,0.00000,0.00000,0.98705,0.65019,0.69976,-1.48195,-0.15544,-0.14382,-0.01286,0.08810,0.06763,40.76063,-41.15077,-42.19548,0.0000,,,,0.0049,,,,,,"[1.000, 0.000, 1.000, 0.000, 0.000, 1.000]",0x101001,5.8950,3,3,-1.942873,2.000000,2.000000,0.0000,NO
118,5.9450,5.9450,0.0500,0.050,APPROACHING,0,987.71,645.71,696.37,-14.58,60.22,154.24,0.98771,0.64571,0.69637,-0.25447,1.05098,2.69207,0.01411,-0.09019,-0.06665,-41.91277,42.34013,43.38711,0.00000,0.00000,0.00000,0.00000,0.00000,0.00000,0.00000,0.00000,0.00000,0.00000,0.00000,0.00000,0.98771,0.64571,0.69637,0.25447,-1.05098,-2.69207,-0.01411,0.09019,0.06665,41.91277,-42.34013,-43.38711,0.0000,,,,0.0408,,,,,,"[0.000, 0.000, 0.000, 0.000, 0.000, 0.000]",0x000000,5.9450,0,3,0.000000,0.000000,0.000000,0.0000,NO
119,5.9950,5.9950,0.0500,0.050,APPROACHING,0,988.41,641.20,693.04,48.40,-10.37,52.49,0.98841,0.64120,0.69304,0.84473,-0.18092,0.91610,0.01411,-0.09019,-0.06665,-41.91277,42.34013,43.38711,0.00000,0.00000,0.00000,0.00000,0.00000,0.00000,0.00000,0.00000,0.00000,0.00000,0.00000,0.00000,0.98841,0.64120,0.69304,-0.84473,0.18092,-0.91610,-0.01411,0.09019,0.06665,41.91277,-42.34013,-43.38711,0.0000,,,,0.0408,,,,,,"[0.000, 0.000, 0.000, 0.000, 0.000, 0.000]",0x000000,5.9950,0,0,0.000000,0.000000,0.000000,0.0000,NO
120,6.0450,6.0450,0.0500,0.050,APPROACHING,0,989.12,636.69,689.70,99.06,68.08,-51.50,0.98912,0.63669,0.68970,1.72897,1.18827,-0.89893,0.01411,-0.09019,-0.06665,-41.91277,42.34013,43.38711,0.00000,0.00000,0.00000,0.00000,0.00000,0.00000,0.00000,0.00000,0.00000,0.00000,0.00000,0.00000,0.98912,0.63669,0.68970,-1.72897,-1.18827,0.89893,-0.01411,0.09019,0.06665,41.91277,-42.34013,-43.38711,0.0000,,,,0.0055,,,,,,"[0.000, 1.000, 1.000, 0.000, 0.000, 1.000]",0x011001,6.0450,3,3,-1.914862,2.000000,1.992155,0.0000,NO
121,6.0950,6.0950,0.0500,0.050,APPROACHING,0,989.83,632.15,686.30,6.40,6.00,102.71,0.98983,0.63215,0.68630,0.11169,0.10469,1.79256,0.01583,-0.09097,-0.06834,-43.04797,43.52804,44.57576,0.00000,0.00000,0.00000,0.00000,0.00000,0.00000,0.00000,0.00000,0.00000,0.00000,0.00000,0.00000,0.98983,0.63215,0.68630,-0.11169,-0.10469,-1.79256,-0.01583,0.09097,0.06834,43.04797,-43.52804,-44.57576,0.0000,,,,0.0407,,,,,,"[0.000, 0.000, 0.000, 0.000, 0.000, 0.000]",0x000000,6.0950,0,3,0.000000,0.000000,0.000000,0.0000,NO
122,6.1450,6.1450,0.0500,0.050,APPROACHING,0,990.62,627.60,682.88,92.75,19.58,-2.95,0.99062,0.62760,0.68288,1.61873,0.34178,-0.05146,0.01583,-0.09097,-0.06834,-43.04797,43.52804,44.57576,0.00000,0.00000,0.00000,0.00000,0.00000,0.00000,0.00000,0.00000,0.00000,0.00000,0.00000,0.00000,0.99062,0.62760,0.68288,-1.61873,-0.34178,0.05146,-0.01583,0.09097,0.06834,43.04797,-43.52804,-44.57576,0.0000,,,,0.0408,,,,,,"[0.000, 0.000, 0.000, 0.000, 0.000, 0.000]",0x000000,6.1450,0,0,0.000000,0.000000,0.000000,0.0000,NO
123,6.1950,6.1950,0.0500,0.050,APPROACHING,0,991.42,623.05,679.47,-15.24,53.28,146.78,0.99142,0.62305,0.67947,-0.26600,0.92998,2.56184,0.01583,-0.09097,-0.06834,-43.04797,43.52804,44.57576,0.00000,0.00000,0.00000,0.00000,0.00000,0.00000,0.00000,0.00000,0.00000,0.00000,0.00000,0.00000,0.99142,0.62305,0.67947,0.26600,-0.92998,-2.56184,-0.01583,0.09097,0.06834,43.04797,-43.52804,-44.57576,0.0000,,,,0.0118,,,,,,"[0.000, 1.000, 0.000, 1.000, 0.000, 1.000]",0x010101,6.1950,3,3,-1.970893,2.000000,1.968742,0.0000,NO
124,6.2450,6.2450,0.0500,0.050,APPROACHING,0,992.18,618.44,676.03,49.19,-10.28,51.63,0.99218,0.61844,0.67603,0.85857,-0.17950,0.90110,0.01612,-0.09345,-0.06817,-44.21435,44.72125,45.74738,0.00000,0.00000,0.00000,0.00000,0.00000,0.00000,0.00000,0.00000,0.00000,0.00000,0.00000,0.00000,0.99218,0.61844,0.67603,-0.85857,0.17950,-0.90110,-0.01612,0.09345,0.06817,44.21435,-44.72125,-45.74738,0.0000,,,,0.0408,,,,,,"[0.000, 0.000, 0.000, 0.000, 0.000, 0.000]",0x000000,6.2450,0,3,0.000000,0.000000,0.000000,0.0000,NO
125,6.2950,6.2950,0.0500,0.050,APPROACHING,0,992.98,613.76,672.62,103.03,60.75,-40.47,0.99298,0.61376,0.67262,1.79815,1.06022,-0.70640,0.01612,-0.09345,-0.06817,-44.21435,44.72125,45.74738,0.00000,0.00000,0.00000,0.00000,0.00000,0.00000,0.00000,0.00000,0.00000,0.00000,0.00000,0.00000,0.99298,0.61376,0.67262,-1.79815,-1.06022,0.70640,-0.01612,0.09345,0.06817,44.21435,-44.72125,-45.74738,0.0000,,,,0.0408,,,,,,"[0.000, 0.000, 0.000, 0.000, 0.000, 0.000]",0x000000,6.2950,0,0,0.000000,0.000000,0.000000,0.0000,NO
126,6.3450,6.3450,0.0500,0.050,APPROACHING,0,993.79,609.09,669.21,-2.25,16.74,114.69,0.99379,0.60909,0.66921,-0.03925,0.29214,2.00168,0.01612,-0.09345,-0.06817,-44.21435,44.72125,45.74738,0.00000,0.00000,0.00000,0.00000,0.00000,0.00000,0.00000,0.00000,0.00000,0.00000,0.00000,0.00000,0.99379,0.60909,0.66921,0.03925,-0.29214,-2.00168,-0.01612,0.09345,0.06817,44.21435,-44.72125,-45.74738,0.0000,,,,0.0093,,,,,,"[0.000, 1.000, 0.000, 1.000, 1.000, 0.000]",0x010110,6.3450,3,3,-1.981070,2.000000,1.945576,0.0000,NO
127,6.3950,6.3950,0.0500,0.050,APPROACHING,0,994.60,604.39,665.73,80.22,4.03,14.50,0.99460,0.60439,0.66573,1.40015,0.07028,0.25300,0.01771,-0.09405,-0.06988,-45.38503,45.91659,46.90483,0.00000,0.00000,0.00000,0.00000,0.00000,0.00000,0.00000,0.00000,0.00000,0.00000,0.00000,0.00000,0.99460,0.60439,0.66573,-1.40015,-0.07028,-0.25300,-0.01771,0.09405,0.06988,45.38503,-45.91659,-46.90483,0.0000,,,,0.0408,,,,,,"[0.000, 0.000, 0.000, 0.000, 0.000, 0.000]",0x000000,6.3950,0,3,0.000000,0.000000,0.000000,0.0000,NO
128,6.4450,6.4450,0.0500,0.050,APPROACHING,0,995.49,599.69,662.24,19.23,78.56,-152.28,0.99549,0.59969,0.66224,0.33566,1.37106,-2.65776,0.01771,-0.09405,-0.06988,-45.38503,45.91659,46.90483,0.00000,0.00000,0.00000,0.00000,0.00000,0.00000,0.00000,0.00000,0.00000,0.00000,0.00000,0.00000,0.99549,0.59969,0.66224,-0.33566,-1.37106,2.65776,-0.01771,0.09405,0.06988,45.38503,-45.91659,-46.90483,0.0000,,,,0.0407,,,,,,"[0.000, 0.000, 0.000, 0.000, 0.000, 0.000]",0x000000,6.4450,0,0,0.000000,0.000000,0.000000,0.0000,NO
129,6.4950,6.4950,0.0500,0.050,APPROACHING,0,996.38,594.99,658.75,16.18,-1.94,90.52,0.99638,0.59499,0.65875,0.28238,-0.03389,1.57992,0.01771,-0.09405,-0.06988,-45.38503,45.91659,46.90483,0.00000,0.00000,0.00000,0.00000,0.00000,0.00000,0.00000,0.00000,0.00000,0.00000,0.00000,0.00000,0.99638,0.59499,0.65875,-0.28238,0.03389,-1.57992,-0.01771,0.09405,0.06988,45.38503,-45.91659,-46.90483,0.0000,,,,0.0068,,,,,,"[1.000, 0.000, 0.000, 1.000, 1.000, 0.000]",0x100110,6.4950,3,3,-1.991442,2.000000,1.915537,0.0000,NO
130,6.5450,6.5450,0.0500,0.050,APPROACHING,0,997.27,590.21,655.24,94.01,21.57,-4.68,0.99727,0.59021,0.65524,1.64077,0.37642,-0.08172,0.01867,-0.09596,-0.06899,-46.55960,47.11455,48.04406,0.00000,0.00000,0.00000,0.00000,0.00000,0.00000,0.00000,0.00000,0.00000,0.00000,0.00000,0.00000,0.99727,0.59021,0.65524,-1.64077,-0.37642,0.08172,-0.01867,0.09596,0.06899,46.55960,-47.11455,-48.04406,0.0000,,,,0.0408,,,,,,"[0.000, 0.000, 0.000, 0.000, 0.000, 0.000]",0x000000,6.5450,0,3,0.000000,0.000000,0.000000,0.0000,NO
131,6.5950,6.5950,0.0500,0.050,APPROACHING,0,998.20,585.41,651.79,-13.33,63.41,158.48,0.99820,0.58541,0.65179,-0.23260,1.10671,2.76601,0.01867,-0.09596,-0.06899,-46.55960,47.11455,48.04406,0.00000,0.00000,0.00000,0.00000,0.00000,0.00000,0.00000,0.00000,0.00000,0.00000,0.00000,0.00000,0.99820,0.58541,0.65179,0.23260,-1.10671,-2.76601,-0.01867,0.09596,0.06899,46.55960,-47.11455,-48.04406,0.0000,,,,0.0408,,,,,,"[0.000, 0.000, 0.000, 0.000, 0.000, 0.000]",0x000000,6.5950,0,0,0.000000,0.000000,0.000000,0.0000,NO
132,6.6450,6.6450,0.0500,0.050,APPROACHING,0,999.13,580.62,648.34,28.78,-7.98,75.54,0.99913,0.58062,0.64834,0.50233,-0.13932,1.31840,0.01867,-0.09596,-0.06899,-46.55960,47.11455,48.04406,0.00000,0.00000,0.00000,0.00000,0.00000,0.00000,0.00000,0.00000,0.00000,0.00000,0.00000,0.00000,0.99913,0.58062,0.64834,-0.50233,0.13932,-1.31840,-0.01867,0.09596,0.06899,46.55960,-47.11455,-48.04406,0.0000,,,,0.0061,,,,,,"[1.000, 0.000, 0.000, 1.000, 1.000, 0.000]",0x100110,6.6450,3,3,-2.000000,2.000000,1.909038,0.0000,NO
133,6.6950,6.6950,0.0500,0.050,APPROACHING,0,1000.05,575.75,644.88,98.52,30.52,-12.45,1.00005,0.57575,0.64488,1.71957,0.53268,-0.21723,0.01927,-0.09805,-0.06846,-47.73868,48.31358,49.17894,0.00000,0.00000,0.00000,0.00000,0.00000,0.00000,0.00000,0.00000,0.00000,0.00000,0.00000,0.00000,1.00005,0.57575,0.64488,-1.71957,-0.53268,0.21723,-0.01927,0.09805,0.06846,47.73868,-48.31358,-49.17894,0.0000,,,,0.0407,,,,,,"[0.000, 0.000, 0.000, 0.000, 0.000, 0.000]",0x000000,6.6950,0,3,0.000000,0.000000,0.000000,0.0000,NO
134,6.7450,6.7450,0.0500,0.050,APPROACHING,0,1001.02,570.85,641.46,-14.86,57.79,151.46,1.00102,0.57085,0.64146,-0.25936,1.00860,2.64346,0.01927,-0.09805,-0.06846,-47.73868,48.31358,49.17894,0.00000,0.00000,0.00000,0.00000,0.00000,0.00000,0.00000,0.00000,0.00000,0.00000,0.00000,0.00000,1.00102,0.57085,0.64146,0.25936,-1.00860,-2.64346,-0.01927,0.09805,0.06846,47.73868,-48.31358,-49.17894,0.0000,,,,0.0408,,,,,,"[0.000, 0.000, 0.000, 0.000, 0.000, 0.000]",0x000000,6.7450,0,0,0.000000,0.000000,0.000000,0.0000,NO
135,6.7950,6.7950,0.0500,0.050,APPROACHING,0,1001.98,565.94,638.03,30.34,-8.43,73.79,1.00198,0.56594,0.63803,0.52958,-0.14720,1.28783,0.01927,-0.09805,-0.06846,-47.73868,48.31358,49.17894,0.00000,0.00000,0.00000,0.00000,0.00000,0.00000,0.00000,0.00000,0.00000,0.00000,0.00000,0.00000,1.00198,0.56594,0.63803,-0.52958,0.14720,-1.28783,-0.01927,0.09805,0.06846,47.73868,-48.31358,-49.17894,0.0000,,,,0.0062,,,,,,"[1.000, 0.000, 0.000, 1.000, 1.000, 0.000]",0x100110,6.7950,3,3,-2.000000,2.000000,1.908427,0.0000,NO
136,6.8450,6.8450,0.0500,0.050,APPROACHING,0,1002.93,560.97,634.59,97.53,28.15,-10.38,1.00293,0.56097,0.63459,1.70214,0.49133,-0.18121,0.01982,-0.10008,-0.06790,-48.91771,49.51266,50.31345,0.00000,0.00000,0.00000,0.00000,0.00000,0.00000,0.00000,0.00000,0.00000,0.00000,0.00000,0.00000,1.00293,0.56097,0.63459,-1.70214,-0.49133,0.18121,-0.01982,0.10008,0.06790,48.91771,-49.51266,-50.31345,0.0000,,,,0.0408,,,,,,"[0.000, 0.000, 0.000, 0.000, 0.000, 0.000]",0x000000,6.8450,0,3,0.000000,0.000000,0.000000,0.0000,NO
137,6.8950,6.8950,0.0500,0.050,APPROACHING,0,1003.92,555.97,631.20,-12.86,64.40,159.83,1.00392,0.55597,0.63120,-0.22444,1.12397,2.78952,0.01982,-0.10008,-0.06790,-48.91771,49.51266,50.31345,0.00000,0.00000,0.00000,0.00000,0.00000,0.00000,0.00000,0.00000,0.00000,0.00000,0.00000,0.00000,1.00392,0.55597,0.63120,0.22444,-1.12397,-2.78952,-0.01982,0.10008,0.06790,48.91771,-49.51266,-50.31345,0.0000,,,,0.0408,,,,,,"[0.000, 0.000, 0.000, 0.000, 0.000, 0.000]",0x000000,6.8950,0,0,0.000000,0.000000,0.000000,0.0000,NO
138,6.9450,6.9450,0.0500,0.050,APPROACHING,0,1004.91,550.97,627.80,20.37,-4.30,85.68,1.00491,0.55097,0.62780,0.35550,-0.07510,1.49541,0.01982,-0.10008,-0.06790,-48.91771,49.51266,50.31345,0.00000,0.00000,0.00000,0.00000,0.00000,0.00000,0.00000,0.00000,0.00000,0.00000,0.00000,0.00000,1.00491,0.55097,0.62780,-0.35550,0.07510,-1.49541,-0.01982,0.10008,0.06790,48.91771,-49.51266,-50.31345,0.0000,,,,0.0062,,,,,,"[1.000, 0.000, 0.000, 1.000, 1.000, 0.000]",0x100110,6.9450,3,3,-2.000000,2.000000,1.905129,0.0000,NO
139,6.9950,6.9950,0.0500,0.050,APPROACHING,0,1005.90,545.89,624.40,90.01,15.06,1.75,1.00590,0.54589,0.62440,1.57092,0.26279,0.03060,0.02057,-0.10182,-0.06697,-50.09649,50.71197,51.44601,0.00000,0.00000,0.00000,0.00000,0.00000,0.00000,0.00000,0.00000,0.00000,0.00000,0.00000,0.00000,1.00590,0.54589,0.62440,-1.57092,-0.26279,-0.03060,-0.02057,0.10182,0.06697,50.09649,-50.71197,-51.44601,0.0000,,,,0.0408,,,,,,"[0.000, 0.000, 0.000, 0.000, 0.000, 0.000]",0x000000,6.9950,0,3,0.000000,0.000000,0.000000,0.0000,NO
140,7.0450,7.0450,0.0500,0.050,APPROACHING,0,1006.93,540.80,621.05,28.70,79.44,-141.12,1.00693,0.54080,0.62105,0.50094,1.38653,-2.46301,0.02057,-0.10182,-0.06697,-50.09649,50.71197,51.44601,0.00000,0.00000,0.00000,0.00000,0.00000,0.00000,0.00000,0.00000,0.00000,0.00000,0.00000,0.00000,1.00693,0.54080,0.62105,-0.50094,-1.38653,2.46301,-0.02057,0.10182,0.06697,50.09649,-50.71197,-51.44601,0.0000,,,,0.0408,,,,,,"[0.000, 0.000, 0.000, 0.000, 0.000, 0.000]",0x000000,7.0450,0,0,0.000000,0.000000,0.000000,0.0000,NO
141,7.0950,7.0950,0.0500,0.050,APPROACHING,0,1007.96,535.71,617.70,2.70,10.45,108.05,1.00796,0.53571,0.61770,0.04720,0.18246,1.88583,0.02057,-0.10182,-0.06697,-50.09649,50.71197,51.44601,0.00000,0.00000,0.00000,0.00000,0.00000,0.00000,0.00000,0.00000,0.00000,0.00000,0.00000,0.00000,1.00796,0.53571,0.61770,-0.04720,-0.18246,-1.88583,-0.02057,0.10182,0.06697,50.09649,-50.71197,-51.44601,0.0000,,,,0.0068,,,,,,"[0.000, 1.000, 0.000, 1.000, 1.000, 0.000]",0x010110,7.0950,3,3,-1.975697,2.000000,1.898480,0.0000,NO
142,7.1450,7.1450,0.0500,0.050,APPROACHING,0,1008.99,530.60,614.29,70.24,-3.47,27.34,1.00899,0.53060,0.61429,1.22591,-0.06049,0.47718,0.02195,-0.10207,-0.06849,-51.26060,51.90976,52.57634,0.00000,0.00000,0.00000,0.00000,0.00000,0.00000,0.00000,0.00000,0.00000,0.00000,0.00000,0.00000,1.00899,0.53060,0.61429,-1.22591,0.06049,-0.47718,-0.02195,0.10207,0.06849,51.26060,-51.90976,-52.57634,0.0000,,,,0.0408,,,,,,"[0.000, 0.000, 0.000, 0.000, 0.000, 0.000]",0x000000,7.1450,0,3,0.000000,0.000000,0.000000,0.0000,NO
143,7.1950,7.1950,0.0500,0.050,APPROACHING,0,1010.08,525.50,610.86,104.04,57.92,-36.78,1.01008,0.52550,0.61086,1.81576,1.01085,-0.64197,0.02195,-0.10207,-0.06849,-51.26060,51.90976,52.57634,0.00000,0.00000,0.00000,0.00000,0.00000,0.00000,0.00000,0.00000,0.00000,0.00000,0.00000,0.00000,1.01008,0.52550,0.61086,-1.81576,-1.01085,0.64197,-0.02195,0.10207,0.06849,51.26060,-51.90976,-52.57634,0.0000,,,,0.0408,,,,,,"[0.000, 0.000, 0.000, 0.000, 0.000, 0.000]",0x000000,7.1950,0,0,0.000000,0.000000,0.000000,0.0000,NO
144,7.2450,7.2450,0.0500,0.050,APPROACHING,0,1011.18,520.39,607.44,-13.43,42.32,136.92,1.01118,0.52039,0.60744,-0.23445,0.73870,2.38972,0.02195,-0.10207,-0.06849,-51.26060,51.90976,52.57634,0.00000,0.00000,0.00000,0.00000,0.00000,0.00000,0.00000,0.00000,0.00000,0.00000,0.00000,0.00000,1.01118,0.52039,0.60744,0.23445,-0.73870,-2.38972,-0.02195,0.10207,0.06849,51.26060,-51.90976,-52.57634,0.0000,,,,0.0102,,,,,,"[0.000, 1.000, 0.000, 1.000, 0.000, 1.000]",0x010101,7.2450,3,3,-1.973386,2.000000,1.949426,0.0000,NO
145,7.2950,7.2950,0.0500,0.050,APPROACHING,0,1012.25,515.23,604.00,31.64,-8.68,72.52,1.01225,0.51523,0.60400,0.55226,-0.15153,1.26576,0.02203,-0.10404,-0.06802,-52.42757,53.10389,53.73643,0.00000,0.00000,0.00000,0.00000,0.00000,0.00000,0.00000,0.00000,0.00000,0.00000,0.00000,0.00000,1.01225,0.51523,0.60400,-0.55226,0.15153,-1.26576,-0.02203,0.10404,0.06802,52.42757,-53.10389,-53.73643,0.0000,,,,0.0408,,,,,,"[0.000, 0.000, 0.000, 0.000, 0.000, 0.000]",0x000000,7.2950,0,3,0.000000,0.000000,0.000000,0.0000,NO
146,7.3450,7.3450,0.0500,0.050,APPROACHING,0,1013.35,510.03,600.60,91.03,16.47,0.38,1.01335,0.51003,0.60060,1.58884,0.28742,0.00666,0.02203,-0.10404,-0.06802,-52.42757,53.10389,53.73643,0.00000,0.00000,0.00000,0.00000,0.00000,0.00000,0.00000,0.00000,0.00000,0.00000,0.00000,0.00000,1.01335,0.51003,0.60060,-1.58884,-0.28742,-0.00666,-0.02203,0.10404,0.06802,52.42757,-53.10389,-53.73643,0.0000,,,,0.0408,,,,,,"[0.000, 0.000, 0.000, 0.000, 0.000, 0.000]",0x000000,7.3450,0,0,0.000000,0.000000,0.000000,0.0000,NO
147,7.3950,7.3950,0.0500,0.050,APPROACHING,0,1014.45,504.83,597.20,64.59,79.16,-99.35,1.01445,0.50483,0.59720,1.12722,1.38160,-1.73399,0.02203,-0.10404,-0.06802,-52.42757,53.10389,53.73643,0.00000,0.00000,0.00000,0.00000,0.00000,0.00000,0.00000,0.00000,0.00000,0.00000,0.00000,0.00000,1.01445,0.50483,0.59720,-1.12722,-1.38160,1.73399,-0.02203,0.10404,0.06802,52.42757,-53.10389,-53.73643,0.0000,,,,0.0076,,,,,,"[0.000, 1.000, 1.000, 0.000, 0.000, 1.000]",0x011001,7.3950,3,3,-1.933951,2.000000,1.958470,0.0000,NO
148,7.4450,7.4450,0.0500,0.050,APPROACHING,0,1015.55,499.61,593.74,-6.58,24.69,122.07,1.01555,0.49961,0.59374,-0.11480,0.43086,2.13050,0.02334,-0.10416,-0.06941,-53.57241,54.29404,54.90456,0.00000,0.00000,0.00000,0.00000,0.00000,0.00000,0.00000,0.00000,0.00000,0.00000,0.00000,0.00000,1.01555,0.49961,0.59374,0.11480,-0.43086,-2.13050,-0.02334,0.10416,0.06941,53.57241,-54.29404,-54.90456,0.0000,,,,0.0408,,,,,,"[0.000, 0.000, 0.000, 0.000, 0.000, 0.000]",0x000000,7.4450,0,3,0.000000,0.000000,0.000000,0.0000,NO
149,7.4950,7.4950,0.0500,0.050,APPROACHING,0,1016.72,494.40,590.27,44.12,-10.39,58.03,1.01672,0.49440,0.59027,0.77010,-0.18139,1.01286,0.02334,-0.10416,-0.06941,-53.57241,54.29404,54.90456,0.00000,0.00000,0.00000,0.00000,0.00000,0.00000,0.00000,0.00000,0.00000,0.00000,0.00000,0.00000,1.01672,0.49440,0.59027,-0.77010,0.18139,-1.01286,-0.02334,0.10416,0.06941,53.57241,-54.29404,-54.90456,0.0000,,,,0.0408,,,,,,"[0.000, 0.000, 0.000, 0.000, 0.000, 0.000]",0x000000,7.4950,0,0,0.000000,0.000000,0.000000,0.0000,NO
150,7.5450,7.5450,0.0500,0.050,APPROACHING,0,1017.89,489.20,586.80,95.42,23.70,-6.42,1.01789,0.48920,0.58680,1.66533,0.41367,-0.11201,0.02334,-0.10416,-0.06941,-53.57241,54.29404,54.90456,0.00000,0.00000,0.00000,0.00000,0.00000,0.00000,0.00000,0.00000,0.00000,0.00000,0.00000,0.00000,1.01789,0.48920,0.58680,-1.66533,-0.41367,0.11201,-0.02334,0.10416,0.06941,53.57241,-54.29404,-54.90456,0.0000,,,,0.0043,,,,,,"[1.000, 0.000, 1.000, 0.000, 0.000, 1.000]",0x101001,7.5450,3,3,-1.889918,2.000000,2.000000,0.0000,NO
151,7.5950,7.5950,0.0500,0.050,APPROACHING,0,1019.05,483.92,583.32,53.24,79.74,-112.68,1.01905,0.48392,0.58332,0.92917,1.39179,-1.96671,0.02382,-0.10565,-0.06837,-54.69530,55.47742,56.09996,0.00000,0.00000,0.00000,0.00000,0.00000,0.00000,0.00000,0.00000,0.00000,0.00000,0.00000,0.00000,1.01905,0.48392,0.58332,-0.92917,-1.39179,1.96671,-0.02382,0.10565,0.06837,54.69530,-55.47742,-56.09996,0.0000,,,,0.0408,,,,,,"[0.000, 0.000, 0.000, 0.000, 0.000, 0.000]",0x000000,7.5950,0,3,0.000000,0.000000,0.000000,0.0000,NO
152,7.6450,7.6450,0.0500,0.050,APPROACHING,0,1020.24,478.64,579.90,-8.36,28.33,125.26,1.02024,0.47864,0.57990,-0.14588,0.49446,2.18614,0.02382,-0.10565,-0.06837,-54.69530,55.47742,56.09996,0.00000,0.00000,0.00000,0.00000,0.00000,0.00000,0.00000,0.00000,0.00000,0.00000,0.00000,0.00000,1.02024,0.47864,0.57990,0.14588,-0.49446,-2.18614,-0.02382,0.10565,0.06837,54.69530,-55.47742,-56.09996,0.0000,,,,0.0408,,,,,,"[0.000, 0.000, 0.000, 0.000, 0.000, 0.000]",0x000000,7.6450,0,0,0.000000,0.000000,0.000000,0.0000,NO
153,7.6950,7.6950,0.0500,0.050,APPROACHING,0,1021.43,473.36,576.48,35.94,-9.65,67.53,1.02143,0.47336,0.57648,0.62731,-0.16838,1.17855,0.02382,-0.10565,-0.06837,-54.69530,55.47742,56.09996,0.00000,0.00000,0.00000,0.00000,0.00000,0.00000,0.00000,0.00000,0.00000,0.00000,0.00000,0.00000,1.02143,0.47336,0.57648,-0.62731,0.16838,-1.17855,-0.02382,0.10565,0.06837,54.69530,-55.47742,-56.09996,0.0000,,,,0.0408,,,,,,"[0.000, 0.000, 0.000, 0.000, 0.000, 0.000]",0x000000,7.6950,0,0,0.000000,0.000000,0.000000,0.0000,NO
154,7.7450,7.7450,0.0500,0.050,APPROACHING,0,1022.62,468.08,573.07,88.76,13.26,3.63,1.02262,0.46808,0.57307,1.54911,0.23139,0.06335,0.02382,-0.10565,-0.06837,-54.69530,55.47742,56.09996,0.00000,0.00000,0.00000,0.00000,0.00000,0.00000,0.00000,0.00000,0.00000,0.00000,0.00000,0.00000,1.02262,0.46808,0.57307,-1.54911,-0.23139,-0.06335,-0.02382,0.10565,0.06837,54.69530,-55.47742,-56.09996,0.0000,,,,0.0161,,,,,,"[1.000, 0.000, 1.000, 0.000, 0.000, 1.000]",0x101001,7.7450,3,3,-2.000000,1.999296,1.998322,0.0000,NO
